"","Distance","MeanCounts","MeanBinDensity","MeanTotalDensity","MeanPropOcc","SDPropOcc","source","TimePoint","Position"
"1",0.5,34.432,0.00565713573608653,1.57944699957086e-05,0.252816230445105,0.175492133058157,"finalGG",0,2
"2",1.5,89.469,0.0131329594830359,4.11202013663239e-05,0.0939445280842664,0.0905612321213869,"finalGG",0,2
"3",2.5,88.298,0.0117990022407495,4.09240793410279e-05,0.0343340075181882,0.042112830267062,"finalGG",0,2
"4",3.5,84.014,0.0108097786989684,3.88581046045174e-05,0.0168573906805908,0.0203689786804082,"finalGG",0,2
"5",4.5,88.117,0.0109578400277339,4.15330323424032e-05,0.010826667760647,0.0128807099941259,"finalGG",0,2
"6",5.5,100.08,0.0119076647414953,4.76992914039899e-05,0.00841836748069634,0.0107480037023538,"finalGG",0,2
"7",6.5,115.152,0.0137776878501251,5.40125479808723e-05,0.00711352675845421,0.0092905619041424,"finalGG",0,2
"8",7.5,134.972,0.0160943532241088,6.26027729819202e-05,0.0064814805561941,0.0077594098643979,"finalGG",0,2
"9",8.5,156.362,0.0186723502516183,7.26231235011657e-05,0.00606513381008227,0.00685289503537395,"finalGG",0,2
"10",9.5,187.081,0.0227688345976836,8.72169349607235e-05,0.00601266525714258,0.00632701599756006,"finalGG",0,2
"11",10.5,216.835,0.0257832243195689,0.000100261707662426,0.00587019391602616,0.00599854936562985,"finalGG",0,2
"12",11.5,234.711,0.0280623755016647,0.000108233283894712,0.00550041076665881,0.0054688957071056,"finalGG",0,2
"13",12.5,246.236,0.0294538987640867,0.000113651386011413,0.00507574457229367,0.00489786678454151,"finalGG",0,2
"14",13.5,252.01,0.0308381213505416,0.000115905604207246,0.00459404197982659,0.00445549245939814,"finalGG",0,2
"15",14.5,263.267,0.0323707821292386,0.000121833744531351,0.00432060029745792,0.00437480303896978,"finalGG",0,2
"16",15.5,272.197,0.0337628911231844,0.000124449421566784,0.00401073447217001,0.00394941558605712,"finalGG",0,2
"17",16.5,277.641,0.0346562314198674,0.000125069269664341,0.00368822591072941,0.00337906845755844,"finalGG",0,2
"18",17.5,292.533,0.0370486089478408,0.000131186050717624,0.00356001667089052,0.00306473158526662,"finalGG",0,2
"19",18.5,308.462,0.0387301800175304,0.000136489563231493,0.00342132396418374,0.00299623309894622,"finalGG",0,2
"20",19.5,325.369,0.0407800393017277,0.000143737476170253,0.00334709251897137,0.00296116678158805,"finalGG",0,2
"21",20.5,338.652,0.0426312758435142,0.000148967143832899,0.00323722906085401,0.00267102676292672,"finalGG",0,2
"22",21.5,351.3,0.0445818958337512,0.000153659076696462,0.00312768632305356,0.00251198594100337,"finalGG",0,2
"23",22.5,372.292,0.0473968865492013,0.00016342521144738,0.00312815420711405,0.00254267987000739,"finalGG",0,2
"24",23.5,383.799,0.0488514996396747,0.000167638241373268,0.0030236997517166,0.00251519859413443,"finalGG",0,2
"25",24.5,401.508,0.0513386210297005,0.000175529664062584,0.00299539421941719,0.00249359520757229,"finalGG",0,2
"26",25.5,416.835,0.054009646750236,0.000181154118010838,0.00292781918766409,0.00237790096489398,"finalGG",0,2
"27",26.5,423.944,0.0557083648163734,0.000181935606109001,0.00278842503905045,0.00214891471488219,"finalGG",0,2
"28",27.5,437.892,0.0579422032104873,0.000186456756259881,0.00271626869559195,0.002073457132773,"finalGG",0,2
"29",28.5,454.763,0.0612834794909676,0.000194328178350066,0.00270373638185714,0.00202886079630706,"finalGG",0,2
"30",29.5,461.451903807615,0.0634733162271023,0.000198575445407542,0.002646341691231,0.00197513666157243,"finalGG",0,2
"31",30.5,42.4884189325277,0.00588700656051268,1.82691633245268e-05,0.000234343122706943,0.000182561796893935,"finalGG",0,2
"32",0.5,1.174,0.00018964221710243,5.08705421674959e-07,0.00859488396407668,0.0440113993307518,"finalRG",0,2
"33",1.5,9.239,0.00141107108019781,4.28510808156068e-06,0.0096627585416997,0.0296988799828161,"finalRG",0,2
"34",2.5,24.112,0.00388710191951163,1.18008155592141e-05,0.00932252481791285,0.0210885523442582,"finalRG",0,2
"35",3.5,35.084,0.00577727586264293,1.7263449074281e-05,0.0070785891985138,0.013265633128576,"finalRG",0,2
"36",4.5,42.843,0.00718749340371909,2.1244252436921e-05,0.00535165400144409,0.0084532246330818,"finalRG",0,2
"37",5.5,56.088,0.00973065158034021,2.87387993914273e-05,0.00483666827634486,0.00663308452817986,"finalRG",0,2
"38",6.5,71.483,0.0123382241244292,3.68573722131475e-05,0.00459684142133075,0.00578404821506347,"finalRG",0,2
"39",7.5,90.748,0.015408362412595,4.57408516888974e-05,0.00454619068126061,0.0055836796156959,"finalRG",0,2
"40",8.5,106.95,0.0178495727746618,5.06537193172119e-05,0.00428585985202319,0.00499028184010484,"finalRG",0,2
"41",9.5,118.329,0.0193752357621622,5.42312085821113e-05,0.00392058767713596,0.00451059176037569,"finalRG",0,2
"42",10.5,124.237,0.0202439027977941,5.58028487646839e-05,0.00346926542687044,0.00376039728472271,"finalRG",0,2
"43",11.5,142.823,0.0230804467116249,6.39381760133938e-05,0.00343038138375351,0.00349888920907725,"finalRG",0,2
"44",12.5,164.211,0.0261526954037064,7.40427798533494e-05,0.00345928699169658,0.00358467152271989,"finalRG",0,2
"45",13.5,180.083,0.027969115803769,8.12799783363149e-05,0.00337321689790498,0.00358340864549675,"finalRG",0,2
"46",14.5,191.885,0.0298837210614901,8.54350135349988e-05,0.00319043608187944,0.00322991031888069,"finalRG",0,2
"47",15.5,202.857,0.0322249903570199,8.94058375847938e-05,0.00301638094079321,0.00275086358621901,"finalRG",0,2
"48",16.5,218.104,0.0350633025539044,9.53508007899051e-05,0.00293029302649824,0.00244040835488551,"finalRG",0,2
"49",17.5,238.154,0.0382346710765291,0.000103872990700408,0.00292494148781369,0.00238286616528906,"finalRG",0,2
"50",18.5,262.087,0.0419394393522582,0.000114311390930611,0.00296173450926987,0.00244235313511966,"finalRG",0,2
"51",19.5,282.438,0.0447835543172818,0.000123129427488839,0.00294907395179908,0.00241952949967578,"finalRG",0,2
"52",20.5,295.262,0.0468766402994136,0.000129508565839602,0.00287697770947219,0.00236869043049596,"finalRG",0,2
"53",21.5,309.389,0.0500161479852018,0.000136299360332062,0.00282047505680981,0.00232186057936508,"finalRG",0,2
"54",22.5,311.983,0.0509539431655291,0.00013836221892616,0.00268018040018473,0.00231947887675741,"finalRG",0,2
"55",23.5,326.956,0.0534076446730772,0.000145673244856017,0.00265158934903334,0.00240957866797647,"finalRG",0,2
"56",24.5,345.914,0.05675383491834,0.000154582605629614,0.00265559518594121,0.00255993836881057,"finalRG",0,2
"57",25.5,359.218,0.0590899483740714,0.000159765008359638,0.00259147289929859,0.00246920077300547,"finalRG",0,2
"58",26.5,381.389,0.0627169863547552,0.000167020755457746,0.00255430904714307,0.00225680597483417,"finalRG",0,2
"59",27.5,393.131,0.0651525231651589,0.000171714326169535,0.00248878159734527,0.00206810226052181,"finalRG",0,2
"60",28.5,395.068,0.0671277236220113,0.000173402544257645,0.00239213031786122,0.00187162496863882,"finalRG",0,2
"61",29.5,398.294,0.0689182469744835,0.000175136169779703,0.00230731171110983,0.00177547445107393,"finalRG",0,2
"62",30.5,36.0702106318957,0.00627471403732993,1.58627100090727e-05,0.00020077303548121,0.000165258160549825,"finalRG",0,2
"63",0.5,65.273,0.0233655361338282,3.02444314952387e-05,0.478767025313394,0.238867339104555,"finalRR",0,2
"64",1.5,208.498498498498,0.0653289662591491,9.71905925602186e-05,0.218449563484374,0.132021816666008,"finalRR",0,2
"65",2.5,198.283567134269,0.0571071804429765,9.28843996159761e-05,0.0767354434888638,0.0762463148778003,"finalRR",0,2
"66",3.5,130.945891783567,0.0345925009963834,6.23687444259581e-05,0.0262456979078275,0.0381623266754007,"finalRR",0,2
"67",4.5,75.311623246493,0.0193355210651633,3.8555865208429e-05,0.00936898417896634,0.0174302169986731,"finalRR",0,2
"68",5.5,46.1513026052104,0.0127624967774677,2.46823175902578e-05,0.0039966963830815,0.00891247739208752,"finalRR",0,2
"69",6.5,34.3557114228457,0.0106983569871217,1.75040788851181e-05,0.00221332165791732,0.00486672612398766,"finalRR",0,2
"70",7.5,32.5851703406814,0.0101026584063103,1.524227685366e-05,0.00163004750456005,0.00345462920239225,"finalRR",0,2
"71",8.5,36.5040080160321,0.0108237815477693,1.6157878777513e-05,0.00143829477034121,0.00285400619156543,"finalRR",0,2
"72",9.5,43.3436873747495,0.012213665456493,1.87699248594022e-05,0.00139098054108908,0.00262207150597579,"finalRR",0,2
"73",10.5,56.1282565130261,0.0154529332045149,2.3588807434628e-05,0.00150056341347783,0.00273663605979426,"finalRR",0,2
"74",11.5,66.1963927855711,0.0182144938467299,2.77615678943803e-05,0.00151702654788491,0.00271339296173104,"finalRR",0,2
"75",12.5,74.5541082164329,0.0206494170969476,3.17181979019907e-05,0.00150842074578413,0.00249549179312377,"finalRR",0,2
"76",13.5,86.9038076152305,0.0249914438376553,3.71987352873875e-05,0.00156628476699828,0.00231769662527219,"finalRR",0,2
"77",14.5,92.6713426853707,0.0279752507497371,3.92381966793952e-05,0.00148823868381638,0.00192087223451452,"finalRR",0,2
"78",15.5,90.8456913827655,0.0281811026938141,3.78127758997158e-05,0.00129358313376842,0.00153577880504752,"finalRR",0,2
"79",16.5,93.9438877755511,0.0274618940470723,3.91346474837126e-05,0.00120629036889299,0.00150428893165821,"finalRR",0,2
"80",17.5,109.743486973948,0.0310747171560095,4.59975141840482e-05,0.00129419955944827,0.00169759360173308,"finalRR",0,2
"81",18.5,131.987975951904,0.0364038526153765,5.51048907632039e-05,0.00142749224185623,0.00175083342105343,"finalRR",0,2
"82",19.5,150.609218436874,0.0413594055530964,6.30124646629459e-05,0.00150496410681872,0.00166942521258493,"finalRR",0,2
"83",20.5,155.841683366733,0.0436080171104042,6.65283623680076e-05,0.00146807722871501,0.00153164918473182,"finalRR",0,2
"84",21.5,160.056224899598,0.0450643978442376,7.12545358179086e-05,0.00146869617238016,0.00162301211145754,"finalRR",0,2
"85",22.5,169.946680080483,0.0475449378406937,7.68174864238434e-05,0.00148627029529908,0.00181614308419957,"finalRR",0,2
"86",23.5,169.350806451613,0.0461468000615758,7.7444096329272e-05,0.00141154168412671,0.00185588679707237,"finalRR",0,2
"87",24.5,167.01614530777,0.0464154740430196,7.78660481792386e-05,0.00134530084554084,0.00183207092993731,"finalRR",0,2
"88",25.5,170.524439918534,0.0482959420839035,7.74429997759581e-05,0.00126177809127857,0.00150218052946253,"finalRR",0,2
"89",26.5,169.928865979381,0.0484282311741146,7.43442049057075e-05,0.00113610725507131,0.00117783138169645,"finalRR",0,2
"90",27.5,170.398941798942,0.0488681987598306,7.25057306160604e-05,0.00103917346579421,0.00111769673623006,"finalRR",0,2
"91",28.5,189.283314669653,0.0548090280223699,7.92425210447226e-05,0.00106908201580609,0.00115517920824027,"finalRR",0,2
"92",29.5,196.67654028436,0.0603571289206363,8.41674955406922e-05,0.0010919040273635,0.00127030033805517,"finalRR",0,2
"93",30.5,20.8631436314363,0.00669466047544389,9.03187939537675e-06,0.000113187347697378,0.000127452363176992,"finalRR",0,2
"94",0.5,0.54809619238477,0.000174091779038932,2.50389596686275e-07,0.00401262621354288,0.0331981506744338,"finalGR",0,2
"95",1.5,4.51402805611222,0.00145462805883397,2.03671566869594e-06,0.00472104494437469,0.0248437645876406,"finalGR",0,2
"96",2.5,13.6803607214429,0.00442341812760638,6.03671597957932e-06,0.00527129948680846,0.0191595899282735,"finalGR",0,2
"97",3.5,22.7535070140281,0.00721095129626915,9.82614118471085e-06,0.00451049971092312,0.0136567762427271,"finalGR",0,2
"98",4.5,25.9909819639279,0.00821431398810467,1.11984006127056e-05,0.00315287588547693,0.0087690382473882,"finalGR",0,2
"99",5.5,25.8186372745491,0.00872007436624946,1.18333417365777e-05,0.00215032339388158,0.00574218350915673,"finalGR",0,2
"100",6.5,28.9849699398798,0.00968913190827853,1.37323217322684e-05,0.001797868775068,0.00456586480087516,"finalGR",0,2
"101",7.5,39.3867735470942,0.0129740368553368,1.81972829492201e-05,0.00189786536617048,0.0043002068161315,"finalGR",0,2
"102",8.5,47.6623246492986,0.0155762899062235,2.13190887323264e-05,0.0018382113786368,0.00378409805196408,"finalGR",0,2
"103",9.5,53.0470941883768,0.0174060559246135,2.32595555628978e-05,0.00168861139898676,0.00317785364674692,"finalGR",0,2
"104",10.5,58.3857715430862,0.018853686597321,2.47961756294376e-05,0.0015598508313657,0.00276170295291026,"finalGR",0,2
"105",11.5,66.439879759519,0.0214145780407605,2.75562729335735e-05,0.00151054549549293,0.00259751428247923,"finalGR",0,2
"106",12.5,77.0551102204409,0.0254111425675286,3.2603937982239e-05,0.00154746695626954,0.00257936436366861,"finalGR",0,2
"107",13.5,84.8697394789579,0.0285481550860297,3.58259618634183e-05,0.00150114375480589,0.0025274400507248,"finalGR",0,2
"108",14.5,88.5991983967936,0.0299444074620384,3.74586632457682e-05,0.0014004782029228,0.00226317769356327,"finalGR",0,2
"109",15.5,96.0460921843687,0.0329658969057791,4.1280611696841e-05,0.00138296138001988,0.00204200613936493,"finalGR",0,2
"110",16.5,102.36372745491,0.0352723270397056,4.40865567624374e-05,0.00133721952396268,0.00214784143208219,"finalGR",0,2
"111",17.5,111.506024096386,0.0375095635866243,4.73703822476022e-05,0.00131095876244539,0.00194389917739742,"finalGR",0,2
"112",18.5,119.982931726908,0.040000253538035,5.07659284586867e-05,0.00129409357460397,0.00174385557245719,"finalGR",0,2
"113",19.5,127.159638554217,0.0433407345187945,5.38432701587389e-05,0.00127109168825575,0.00175003778664404,"finalGR",0,2
"114",20.5,132.800804828974,0.0449803670935013,5.59549476543537e-05,0.00122506670856049,0.00164316706565206,"finalGR",0,2
"115",21.5,139.616700201207,0.0489661493331259,5.85228665067704e-05,0.00119124659962331,0.00144394756334519,"finalGR",0,2
"116",22.5,143.714285714286,0.0526516539183783,6.02956385989928e-05,0.00114768522071934,0.00133658749318365,"finalGR",0,2
"117",23.5,151.296670030272,0.0555105799280028,6.3602627902125e-05,0.0011384407578188,0.00127304718602157,"finalGR",0,2
"118",24.5,167.798786653185,0.0604570347968395,7.11368402856786e-05,0.00120556130111863,0.00130390443198013,"finalGR",0,2
"119",25.5,177.036622583927,0.0629994599176119,7.57243067594457e-05,0.00121768205445853,0.0013327279504093,"finalGR",0,2
"120",26.5,180.871033776868,0.0653733069115652,7.74831571964654e-05,0.00118235665400425,0.00140338146402415,"finalGR",0,2
"121",27.5,187.222573839662,0.0682696246485749,8.03949955870428e-05,0.00116885774081732,0.00131569627963271,"finalGR",0,2
"122",28.5,192.638043478261,0.0725009588014345,8.21542683848892e-05,0.00114014601226261,0.0012261777251409,"finalGR",0,2
"123",29.5,212.355172413793,0.0860382580382254,9.02892362206191e-05,0.00120071338164124,0.00110972886451462,"finalGR",0,2
"124",30.5,21.8062015503876,0.00948661094383031,9.21068954086295e-06,0.000117408499948609,0.000104231618217143,"finalGR",0,2
"125",0.5,26.774,0.000579384140699957,1.29429487875626e-05,0.196643042762269,0.134780109671998,"finalGG",1,2
"126",1.5,91.306,0.00194732880357242,4.38028116559998e-05,0.0959936823002747,0.0796321050039645,"finalGG",1,2
"127",2.5,172.867,0.00353578004209572,8.0753855636549e-05,0.0672375322412203,0.0486546748044343,"finalGG",1,2
"128",3.5,264.999,0.00534571177389649,0.000122763361228743,0.0532195089784426,0.0319701220511344,"finalGG",1,2
"129",4.5,368.021,0.00738238479553311,0.00016890709073647,0.0452710458913923,0.0231185992782109,"finalGG",1,2
"130",5.5,485.356,0.00967237449114213,0.000220846407759021,0.040859422112028,0.0186037358969524,"finalGG",1,2
"131",6.5,606.342,0.0120003801049097,0.000272883251358191,0.037734713528424,0.0157422837183094,"finalGG",1,2
"132",7.5,739.218,0.0145569155660164,0.000329257501166863,0.0358209785325508,0.0140973373768679,"finalGG",1,2
"133",8.5,877.508,0.0172739391418628,0.000389383821089166,0.0344276447179443,0.0127938992352694,"finalGG",1,2
"134",9.5,1013.132,0.0199722956772837,0.000449070892243271,0.0330788880850268,0.0115435728219008,"finalGG",1,2
"135",10.5,1143.842,0.0224769333156847,0.000504490120754656,0.0316841760162974,0.0107346529691979,"finalGG",1,2
"136",11.5,1272.988,0.0249200400979095,0.000556834277644892,0.0303131558700249,0.00997513107892723,"finalGG",1,2
"137",12.5,1404.653,0.0274110370803063,0.000611327228829901,0.0291526649816693,0.00944776489465737,"finalGG",1,2
"138",13.5,1535.195,0.0299167374356145,0.000667161494598747,0.0281659735042023,0.00902000419828279,"finalGG",1,2
"139",14.5,1676.647,0.0327147669334503,0.00072898115186478,0.0274938863431741,0.00879308415246605,"finalGG",1,2
"140",15.5,1815.247,0.0353817488457167,0.000786594654221438,0.026731536563717,0.00852312881470002,"finalGG",1,2
"141",16.5,1932.306,0.0376874528965387,0.000836531458452665,0.0257985460625739,0.00820960190217489,"finalGG",1,2
"142",17.5,2047.026,0.0400230867430806,0.00088697850371908,0.0249841399109445,0.00806273197260659,"finalGG",1,2
"143",18.5,2173.933,0.0424883323642631,0.000940134071355094,0.0243238919064506,0.00793056007497304,"finalGG",1,2
"144",19.5,2317.882,0.0452930477741129,0.00100113841044375,0.0239217026745959,0.00791790781030649,"finalGG",1,2
"145",20.5,2419.896,0.047246572423822,0.00104516260666681,0.0231626961631718,0.00784194813537042,"finalGG",1,2
"146",21.5,2533.565,0.0494987477741062,0.00109438302765682,0.022588117876313,0.00784833811081554,"finalGG",1,2
"147",22.5,2630.865,0.0513866219678016,0.00113445846751445,0.0218828745270075,0.00742712166778343,"finalGG",1,2
"148",23.5,2724.396,0.0532129898830939,0.00117279984271451,0.0212171963056354,0.0072577594212443,"finalGG",1,2
"149",24.5,2836.658,0.0554577982869388,0.00122038984179394,0.0207717279400292,0.0071434965898582,"finalGG",1,2
"150",25.5,2945.865,0.057579779435006,0.00126669833357684,0.0203432024949352,0.00724371814637943,"finalGG",1,2
"151",26.5,3045.337,0.0596034516003656,0.0013089945048398,0.0198962090348711,0.00714142846536667,"finalGG",1,2
"152",27.5,3129.78,0.0612751129916509,0.00134040898191713,0.019313460236284,0.0067073074724919,"finalGG",1,2
"153",28.5,3233.812,0.0632406229470192,0.00138402942603042,0.0189556121482604,0.0066816175336965,"finalGG",1,2
"154",29.5,3320.493,0.0649293357845352,0.00142143160136169,0.0185589557563018,0.00663583621719105,"finalGG",1,2
"155",30.5,306.331,0.0059892888819712,0.000130685776291902,0.00163737326570762,0.000587895843958137,"finalGG",1,2
"156",0.5,3.85,9.02307933076739e-05,1.72198837846849e-06,0.0283852375824105,0.064173582563533,"finalRG",1,2
"157",1.5,29.922,0.000713322487736591,1.36742353158533e-05,0.0315733143757673,0.0438642555038496,"finalRG",1,2
"158",2.5,80.166,0.00187772517865445,3.62614385190692e-05,0.0312161192620549,0.0331851150639425,"finalRG",1,2
"159",3.5,149.996,0.00346677190326997,6.65501702286615e-05,0.0300255540044007,0.026978478208684,"finalRG",1,2
"160",4.5,238.994,0.00549306210343089,0.00010502336833608,0.0291688544991771,0.02275310720367,"finalRG",1,2
"161",5.5,337.917,0.00773577551861093,0.000146835974240947,0.0279276912668647,0.0194596208150605,"finalRG",1,2
"162",6.5,441.677,0.00999711586700145,0.000189722096468467,0.026598541188087,0.0175718009121766,"finalRG",1,2
"163",7.5,559.411,0.0126166094317093,0.00023833170468959,0.0258452482943254,0.0159717683724888,"finalRG",1,2
"164",8.5,673.746,0.0151254027231332,0.000283944583415471,0.0248183132989559,0.0142880279972116,"finalRG",1,2
"165",9.5,785.301,0.0175890910132458,0.000328760262529436,0.023810514218524,0.0131355852386763,"finalRG",1,2
"166",10.5,895.603,0.0200008517883629,0.000370655781689387,0.0227707837017821,0.0120978776954367,"finalRG",1,2
"167",11.5,996.521,0.0223408549231364,0.000410907408280064,0.0217215643529322,0.0109848569584462,"finalRG",1,2
"168",12.5,1107.606,0.02486821106505,0.000455966502505353,0.0210557992386627,0.0102539704825231,"finalRG",1,2
"169",13.5,1215.951,0.0273519957833924,0.00049953785091727,0.0204207120785049,0.00967283945618845,"finalRG",1,2
"170",14.5,1340.608,0.0303502149003336,0.000550681047703961,0.0201321149521602,0.0092887429226434,"finalRG",1,2
"171",15.5,1457.525,0.0331250238990461,0.000595848922537921,0.0196424387254602,0.00859002326791635,"finalRG",1,2
"172",16.5,1566.672,0.0357653947496824,0.000638105114329225,0.0191014002403425,0.00792756807710835,"finalRG",1,2
"173",17.5,1674.462,0.0383256926639352,0.000679258485570161,0.0185907934308042,0.00746652531613888,"finalRG",1,2
"174",18.5,1771.862,0.0407992935189685,0.000718127614704823,0.0180671449315541,0.00699599992830223,"finalRG",1,2
"175",19.5,1888.854,0.0437937507128231,0.000764127551872965,0.0177841477042471,0.0066700243624671,"finalRG",1,2
"176",20.5,1994.787,0.0465503934621629,0.000806898726579836,0.0174563328674968,0.00629779523455122,"finalRG",1,2
"177",21.5,2125.884,0.0500605050930726,0.000859347049310599,0.0173458458765513,0.0059467281782388,"finalRG",1,2
"178",22.5,2251.325,0.0536091683585062,0.000909485360569511,0.0171883149303803,0.00559778684625469,"finalRG",1,2
"179",23.5,2348.435,0.0562167302709077,0.000948397014622694,0.0168348152370268,0.00538006852018385,"finalRG",1,2
"180",24.5,2442.402,0.0591897022094148,0.000985822771302094,0.0164875600937991,0.00517660170562814,"finalRG",1,2
"181",25.5,2523.801,0.0617611099341813,0.00101802078471594,0.0160918616874598,0.00500959059235912,"finalRG",1,2
"182",26.5,2626.119,0.0647129322313645,0.00105739257587705,0.0158457945176845,0.00481304766039134,"finalRG",1,2
"183",27.5,2712.966,0.067071883922084,0.00108950018475292,0.0155236529222602,0.00455628657310543,"finalRG",1,2
"184",28.5,2807.839,0.0697110969207571,0.00112418053026869,0.0152776915825434,0.00436686343059712,"finalRG",1,2
"185",29.5,2892.46,0.0727527939152061,0.00115770318027754,0.015064105325764,0.00422164954783135,"finalRG",1,2
"186",30.5,272.563,0.00693729265751189,0.000108890072775511,0.00136344521035023,0.000392033109428567,"finalRG",1,2
"187",0.5,46.851,0.0140416098398988,2.09007713680825e-05,0.344249314737843,0.213799259600443,"finalRR",1,2
"188",1.5,153.035,0.0414440221359869,6.78867009318545e-05,0.16106705151455,0.13266337414267,"finalRR",1,2
"189",2.5,182.816,0.0452996196914293,7.93734633730304e-05,0.070878350769358,0.0777322982005985,"finalRR",1,2
"190",3.5,162.796,0.037809850221068,6.98439687047497e-05,0.032419845239882,0.0403626280589703,"finalRR",1,2
"191",4.5,125.73,0.0283084188802346,5.41074246151033e-05,0.0152697918843401,0.0206897807703426,"finalRR",1,2
"192",5.5,92.244,0.0212906280253977,3.98694438765412e-05,0.00758111676753653,0.0105496837470795,"finalRR",1,2
"193",6.5,71.808,0.017390737817393,3.09727103266574e-05,0.00430646911776529,0.00620998664280742,"finalRR",1,2
"194",7.5,64.355,0.0155689354976437,2.71100722141245e-05,0.00296039828600297,0.0043876315687145,"finalRR",1,2
"195",8.5,70.248,0.0170217698611646,2.8822934804907e-05,0.00256123076121612,0.00387430671534418,"finalRR",1,2
"196",9.5,81.039,0.018506605297758,3.26373859007535e-05,0.00240767707042409,0.00337360116120504,"finalRR",1,2
"197",10.5,88.576,0.0195091795906547,3.53342268231325e-05,0.00219448855446176,0.0029978277553791,"finalRR",1,2
"198",11.5,96.355,0.0217460620586873,3.91684392735015e-05,0.00206331975965855,0.00281295103074335,"finalRR",1,2
"199",12.5,103.407,0.0235067491848499,4.31477938668522e-05,0.00195844364812204,0.00261855796910986,"finalRR",1,2
"200",13.5,109.152,0.025326492427678,4.72796395768299e-05,0.00188858242037098,0.00241110415986706,"finalRR",1,2
"201",14.5,117.922,0.0271988982984154,5.06265468065792e-05,0.00183361125531126,0.0023752295982309,"finalRR",1,2
"202",15.5,121.568,0.0274843228150717,5.19562351170696e-05,0.00170043971498008,0.00245342027873979,"finalRR",1,2
"203",16.5,128.771,0.0291468817280514,5.5762437378781e-05,0.00165020168694849,0.00239381102291753,"finalRR",1,2
"204",17.5,141.91,0.032050766434764,6.10041996068358e-05,0.00165192437882782,0.00224641990966031,"finalRR",1,2
"205",18.5,154.727,0.034043090969992,6.48662738197332e-05,0.00162313996721945,0.00209103430330691,"finalRR",1,2
"206",19.5,166.386,0.0364383777695409,6.89046613493636e-05,0.00159871113223866,0.00185879878344188,"finalRR",1,2
"207",20.5,168.249,0.037172681140248,7.00321771671754e-05,0.00151580331757536,0.00168549863259967,"finalRR",1,2
"208",21.5,163.607607607608,0.0371038050741446,6.94327116528784e-05,0.00140810957671929,0.00154459315981303,"finalRR",1,2
"209",22.5,167.87875751503,0.0384269570572048,7.14621861248938e-05,0.00136005990210212,0.00152195426998181,"finalRR",1,2
"210",23.5,175.881763527054,0.0391945771960341,7.49916122281223e-05,0.0013459486341115,0.00151216395150434,"finalRR",1,2
"211",24.5,183.51002004008,0.0399787795547798,7.76254077803854e-05,0.0013156278851362,0.00143484298478089,"finalRR",1,2
"212",25.5,198.023138832998,0.0443387183798986,8.15268267896079e-05,0.00130043261395459,0.00127964234169278,"finalRR",1,2
"213",26.5,216.918346774194,0.048484767212917,8.888683805033e-05,0.00134118646178924,0.00131835593414991,"finalRR",1,2
"214",27.5,244.211597151577,0.0554722932241674,9.87710554786887e-05,0.00141358701902679,0.00137547106801894,"finalRR",1,2
"215",28.5,268.309743589744,0.0615413551612177,0.000107542363704671,0.0014656263995373,0.00141688274954426,"finalRR",1,2
"216",29.5,274.162669447341,0.0653231515484397,0.000109245392377374,0.00142108994136755,0.00124254056182045,"finalRR",1,2
"217",30.5,25.9913885898816,0.00636805475055854,1.03231220506092e-05,0.000128945910610834,0.000109701451274951,"finalRR",1,2
"218",0.5,0.315,0.000156584138756989,1.90770305023774e-07,0.00230612303976504,0.0233653840935228,"finalGR",1,2
"219",1.5,2.979,0.00123356851213808,1.78854171016096e-06,0.00319148713533414,0.0179124497125908,"finalGR",1,2
"220",2.5,8.525,0.00322588149056413,4.35452066478561e-06,0.00339048925993862,0.0129546715594113,"finalGR",1,2
"221",3.5,13.808,0.00457081654095994,6.72944834866436e-06,0.00280191296422387,0.00984832508115093,"finalGR",1,2
"222",4.5,19.331,0.0063350690280482,9.29595864236143e-06,0.002391123703469,0.00752025629411808,"finalGR",1,2
"223",5.5,26.75,0.0087675960840287,1.25852169234291e-05,0.00226627417488919,0.00665888010895913,"finalGR",1,2
"224",6.5,34.025,0.011216115326447,1.61868220776144e-05,0.00214142489601797,0.00529541527482871,"finalGR",1,2
"225",7.5,41.341,0.0130792788356767,1.92734169692657e-05,0.00202281728250088,0.0045637769614678,"finalGR",1,2
"226",8.5,48.989,0.0156273631177301,2.28438676846962e-05,0.00195157595384931,0.00409284937466018,"finalGR",1,2
"227",9.5,59.666,0.0190442777543943,2.71771507587339e-05,0.00196547281647519,0.00367327277848796,"finalGR",1,2
"228",10.5,72.033,0.0232333118332593,3.21463164727052e-05,0.00199657436609237,0.00340555643415076,"finalGR",1,2
"229",11.5,76.772,0.0247324482422978,3.38943633402254e-05,0.00184814827895442,0.00300608442447997,"finalGR",1,2
"230",12.5,82.906,0.0266121908728727,3.69022515823592e-05,0.00176518181412351,0.00292914981222223,"finalGR",1,2
"231",13.5,92.45,0.0290756236434122,4.20170052036404e-05,0.00177660628978259,0.00296591107258516,"finalGR",1,2
"232",14.5,101.617,0.0321959501574372,4.67036263446399e-05,0.00176378714344246,0.00309763183616863,"finalGR",1,2
"233",15.5,111.828,0.0362227233457931,4.97981406495032e-05,0.00170798418893175,0.00257007827742249,"finalGR",1,2
"234",16.5,120.444,0.0386718150267056,5.24180015406256e-05,0.00163912645165826,0.00230426418090108,"finalGR",1,2
"235",17.5,130.302,0.0404200048218968,5.60765317151647e-05,0.00160106087221186,0.00223362509499448,"finalGR",1,2
"236",18.5,132.482482482482,0.0418043653687507,5.7057682498399e-05,0.00148905677921405,0.00218605694255224,"finalGR",1,2
"237",19.5,132.009018036072,0.0414657647199675,5.65045692046707e-05,0.00135612761470395,0.00192141851667429,"finalGR",1,2
"238",20.5,137.676028084253,0.0432549779785054,5.82612782374219e-05,0.0012936359664735,0.00163416443894586,"finalGR",1,2
"239",21.5,143.776328986961,0.0465561712677122,6.09172252851375e-05,0.00125738239507041,0.00153716048240267,"finalGR",1,2
"240",22.5,154.054325955734,0.0509541774354951,6.57627372735107e-05,0.00126950496191662,0.00152839350763818,"finalGR",1,2
"241",23.5,163.2351160444,0.0549607426067371,7.04400230284514e-05,0.00127583231251837,0.00154973173613291,"finalGR",1,2
"242",24.5,164.435353535354,0.0550653786552479,7.12580055081036e-05,0.00121380092312864,0.00150404270996233,"finalGR",1,2
"243",25.5,170.060851926978,0.0565861662205222,7.39703925580882e-05,0.0011894215037153,0.00149193926456808,"finalGR",1,2
"244",26.5,181.438775510204,0.061463719651181,7.93410013498249e-05,0.00120959643998495,0.00153284429063599,"finalGR",1,2
"245",27.5,191.875386199794,0.0666630210917641,8.34933803764516e-05,0.00120676281115707,0.00142582892320446,"finalGR",1,2
"246",28.5,204.4625,0.0721370612200681,8.92154190766167e-05,0.00122792052702822,0.00152358242151124,"finalGR",1,2
"247",29.5,213.622741764081,0.0805133535158543,9.39877095911341e-05,0.0012352337077689,0.00151247455710228,"finalGR",1,2
"248",30.5,21.175615212528,0.00837824945297452,9.2879274086943e-06,0.000116955077726865,0.000145212923375545,"finalGR",1,2
"249",0.5,79.124,0.000741692565049567,3.58782212589259e-05,0.581962054126626,0.289508532160756,"finalGG",2,2
"250",1.5,409.415,0.0037321433663501,0.000184156205099237,0.431835870746796,0.23898240516212,"finalGG",2,2
"251",2.5,781.287,0.00692004811237325,0.00034865087636629,0.304982176177127,0.178605915835497,"finalGG",2,2
"252",3.5,1062.157,0.00917638913148661,0.000470382204831489,0.213395462809193,0.12892390734115,"finalGG",2,2
"253",4.5,1336.743,0.0113470981368244,0.000592071691032598,0.163432659795904,0.101325070999229,"finalGG",2,2
"254",5.5,1681.308,0.0140924428434162,0.000745918590421842,0.139186064332777,0.0877770238829431,"finalGG",2,2
"255",6.5,2064.013,0.0170137869144181,0.000912768479169126,0.124822127554478,0.0785127335783858,"finalGG",2,2
"256",7.5,2479.565,0.0201303827168231,0.00109520467673082,0.11570740455373,0.0721177390214928,"finalGG",2,2
"257",8.5,2883.106,0.0231573751590459,0.00126818833099157,0.107874321504759,0.0658958053112433,"finalGG",2,2
"258",9.5,3248.719,0.0259545212140891,0.00142106196348186,0.100322484273615,0.0597601788546921,"finalGG",2,2
"259",10.5,3543.955,0.0282079576546392,0.00154641450279325,0.0925538388023737,0.0547915938038372,"finalGG",2,2
"260",11.5,3737.801,0.0297691906930913,0.0016285249916481,0.0842990541850124,0.0489631457806646,"finalGG",2,2
"261",12.5,3928.99,0.031231822995691,0.00170957497601883,0.0776938802168781,0.0442746225985839,"finalGG",2,2
"262",13.5,4147.425,0.0328552771856067,0.00179889301648595,0.0726758524744142,0.0412988985080711,"finalGG",2,2
"263",14.5,4350.048,0.0344237678438185,0.00188495243976588,0.0683940946531396,0.0388708946865743,"finalGG",2,2
"264",15.5,4551.221,0.0359864950774252,0.00197218699946996,0.0648337714013216,0.0370610976717049,"finalGG",2,2
"265",16.5,4733.15,0.0374637080180166,0.00204988439154112,0.0614710412538312,0.0353891015181122,"finalGG",2,2
"266",17.5,4930.575,0.0391262739270486,0.0021302087616107,0.0586100484194426,0.0332029516669958,"finalGG",2,2
"267",18.5,5109.254,0.0405629015703569,0.00220337760332259,0.0559216562193331,0.0310182219017691,"finalGG",2,2
"268",19.5,5333.533,0.0421842271782096,0.00229191077836086,0.0538896642206517,0.0298148714085054,"finalGG",2,2
"269",20.5,5501.885,0.0434112792680149,0.002358269561395,0.0515844606636342,0.0288193686767069,"finalGG",2,2
"270",21.5,5694.405,0.0450379755352385,0.00244047686117335,0.0498466801801206,0.0284140540043228,"finalGG",2,2
"271",22.5,5889.086,0.0468514788755552,0.00252870324370732,0.0484073105215459,0.0280722224361761,"finalGG",2,2
"272",23.5,6018.447,0.0482347473767362,0.0025875548742094,0.0465818393111508,0.0272614538057956,"finalGG",2,2
"273",24.5,6187.002,0.0499489880199857,0.002664552903175,0.0452336055530216,0.0270135505386606,"finalGG",2,2
"274",25.5,6394.838,0.051962155302892,0.00275197425297428,0.0441531229085918,0.0264178770582841,"finalGG",2,2
"275",26.5,6574.759,0.0537813618545608,0.00282247049733943,0.0429093561557691,0.0252020956343339,"finalGG",2,2
"276",27.5,6741.937,0.0553636533100946,0.00288780653965777,0.0417217183764882,0.0243204488212493,"finalGG",2,2
"277",28.5,6928.032,0.057166501384551,0.00297146683193683,0.0409518916919206,0.024339023068308,"finalGG",2,2
"278",29.5,7032.112,0.0587094099221707,0.00302443847171306,0.0398809206394393,0.0243131975996414,"finalGG",2,2
"279",30.5,648.628,0.00545494684642061,0.000278717265023926,0.00353581968173416,0.00217526582137157,"finalGG",2,2
"280",0.5,10.624,0.000105057880002854,4.64423605921922e-06,0.0781053480353191,0.151625669846801,"finalRG",2,2
"281",1.5,106.833,0.00102905508671799,4.70540054483953e-05,0.112764770152765,0.152474957444922,"finalRG",2,2
"282",2.5,321.734,0.00299887990670752,0.000142642087258983,0.125621787153257,0.143553523661432,"finalRG",2,2
"283",3.5,586.519,0.00538246122663922,0.000259839769033675,0.117923636430054,0.118402543294397,"finalRG",2,2
"284",4.5,877.242,0.0081194666723733,0.000389881134218381,0.107668611160236,0.0949460012764384,"finalRG",2,2
"285",5.5,1204.364,0.0111666830536601,0.000532929203032793,0.100094812222424,0.0803459520232567,"finalRG",2,2
"286",6.5,1518.69,0.0139009247978292,0.00066437450855593,0.0918230656278887,0.0693207452579151,"finalRG",2,2
"287",7.5,1834.951,0.0165208982429317,0.00079474433673612,0.0852536595857241,0.0604830476409375,"finalRG",2,2
"288",8.5,2154.42,0.0190887921373307,0.000926084114236673,0.0801525663274201,0.0549919072660854,"finalRG",2,2
"289",9.5,2471.473,0.0216491211146144,0.0010612395467479,0.0760754353730329,0.0512809815148571,"finalRG",2,2
"290",10.5,2827.153,0.0246669584484153,0.0012160204491256,0.0737653685195597,0.0490340786358697,"finalRG",2,2
"291",11.5,3118.157,0.0272081043447072,0.00134397681079265,0.0703448443738708,0.0464092440873568,"finalRG",2,2
"292",12.5,3348.58,0.0291963554645549,0.00144638184213204,0.0663867663453628,0.0447377793598947,"finalRG",2,2
"293",13.5,3578.783,0.0314205410869711,0.00154193112748986,0.0628862024272875,0.041527581059546,"finalRG",2,2
"294",14.5,3790.337,0.0336149257005665,0.00162296479488088,0.0594171410019002,0.0366811658170318,"finalRG",2,2
"295",15.5,4017.205,0.0358929746816403,0.00171116210202881,0.0566686762819758,0.0329491306252799,"finalRG",2,2
"296",16.5,4246.833,0.0380919710386346,0.00180037600147513,0.0542943838188718,0.0309258298425217,"finalRG",2,2
"297",17.5,4522.723,0.0406519711606415,0.00190955018431638,0.052760621389618,0.0298129400483031,"finalRG",2,2
"298",18.5,4766.063,0.0429424199209846,0.00201177029259104,0.0511627007413514,0.0292165176813809,"finalRG",2,2
"299",19.5,4959.764,0.0448119206078078,0.0021009836487846,0.0494121499766021,0.0287870927872025,"finalRG",2,2
"300",20.5,5106.967,0.0463444908235906,0.00216521377551116,0.047310620767697,0.0268237717627842,"finalRG",2,2
"301",21.5,5281.801,0.0481581392328142,0.0022416009132644,0.0456959359170698,0.0258441645631416,"finalRG",2,2
"302",22.5,5440.221,0.0498436237777091,0.0023062434475018,0.0440128835627033,0.024074026439228,"finalRG",2,2
"303",23.5,5533.701,0.0511024377921608,0.00234271770190723,0.0419893768659949,0.0220361689514576,"finalRG",2,2
"304",24.5,5618.054,0.0523662195948114,0.00236584162337743,0.0399201798956748,0.019709014648976,"finalRG",2,2
"305",25.5,5742.995,0.0539302753958666,0.00240760188373354,0.0383797901818942,0.0184990820073241,"finalRG",2,2
"306",26.5,5949.572,0.056508904572633,0.00250159075547587,0.0378550531200189,0.0183174784425759,"finalRG",2,2
"307",27.5,6189.191,0.0594657014783003,0.00261961313633028,0.0377703795784772,0.0192190636560829,"finalRG",2,2
"308",28.5,6458.396,0.0627021575501866,0.00274097316484264,0.0377297518480108,0.0199062358148534,"finalRG",2,2
"309",29.5,6635.262,0.0650484675433933,0.00280775640381988,0.0369666532180213,0.0189823383449829,"finalRG",2,2
"310",30.5,615.526,0.00607009966480316,0.000259352852988437,0.00328498521938705,0.00160983250787675,"finalRG",2,2
"311",0.5,55.822,0.0186656590656031,2.58006508519229e-05,0.412540213392098,0.218796282602336,"finalRR",2,2
"312",1.5,173.941,0.054464433079463,7.91226727851864e-05,0.18415977369746,0.108790537274988,"finalRR",2,2
"313",2.5,156.023,0.0430263143004151,6.8443893065778e-05,0.0607422625585165,0.0569594031759684,"finalRR",2,2
"314",3.5,106.435,0.0274005497390869,4.57129329985898e-05,0.0212356785207107,0.0260411754977196,"finalRR",2,2
"315",4.5,74.257,0.0183594156237281,3.14446396296177e-05,0.00897342637662891,0.0131655013607208,"finalRR",2,2
"316",5.5,64.812,0.0157125695173022,2.72017780043391e-05,0.00530144825809706,0.00835957156673325,"finalRR",2,2
"317",6.5,66.241,0.0155599308432824,2.85359679401941e-05,0.0039919497422609,0.00621953406481927,"finalRR",2,2
"318",7.5,70.645,0.0154022421536964,3.03964310910141e-05,0.00330552630780612,0.00527914794082782,"finalRR",2,2
"319",8.5,74.23,0.0152759695718597,3.18648587706436e-05,0.00279219360707362,0.00449776861582788,"finalRR",2,2
"320",9.5,75.988,0.0159263694854489,3.34866021987833e-05,0.00240831051718527,0.00394671509196717,"finalRR",2,2
"321",10.5,81.967,0.0178386760176315,3.59784328724619e-05,0.00220249797181895,0.00334059444662504,"finalRR",2,2
"322",11.5,84.987,0.0188747314855953,3.68383524575706e-05,0.00193885763117804,0.00268538995778206,"finalRR",2,2
"323",12.5,96.161,0.0224450082482705,4.23812161309661e-05,0.00192894318845383,0.00244270519523059,"finalRR",2,2
"324",13.5,109.573,0.0262770684593065,4.90303774030736e-05,0.00197725963906208,0.00273701945274885,"finalRR",2,2
"325",14.5,129.097,0.030357079691705,5.65656154213543e-05,0.00206604886072831,0.00265184796213005,"finalRR",2,2
"326",15.5,151.147,0.0343877246476175,6.71024370090997e-05,0.00220680609019874,0.00275084025369984,"finalRR",2,2
"327",16.5,155.457,0.0360346615274557,6.97684725068837e-05,0.00208029380723486,0.00260621852493494,"finalRR",2,2
"328",17.5,148.103,0.035050563802046,6.65389653440911e-05,0.00181486690457262,0.00231071447903502,"finalRR",2,2
"329",18.5,148.766,0.0338252815819026,6.58261943672519e-05,0.00165809404749221,0.00207090467961233,"finalRR",2,2
"330",19.5,160.087,0.0338226879202053,6.89259576086159e-05,0.0016141331993191,0.00200379047199505,"finalRR",2,2
"331",20.5,176.267803410231,0.0378329851445509,7.39165009530053e-05,0.00161283785565644,0.00188911827276028,"finalRR",2,2
"332",21.5,191.906532663317,0.0420671118438217,8.13701463488573e-05,0.00165834326736227,0.00198932801381729,"finalRR",2,2
"333",22.5,198.001006036217,0.042536214431239,8.42212873963195e-05,0.00160359895813946,0.00195526372184362,"finalRR",2,2
"334",23.5,209.548289738431,0.0442060429669526,8.81979418008029e-05,0.00157227884219595,0.00192339973525434,"finalRR",2,2
"335",24.5,223.42555331992,0.0455505982132271,9.33354946091163e-05,0.00156641188338339,0.00195883489868872,"finalRR",2,2
"336",25.5,222.525252525253,0.0455733171155137,9.28583158171362e-05,0.00147718836580617,0.00170990382954711,"finalRR",2,2
"337",26.5,216.908814589666,0.0466045024619474,9.26757527101133e-05,0.00141085275567912,0.00172273413395574,"finalRR",2,2
"338",27.5,225.019427402863,0.0495665843744843,9.68331215623364e-05,0.0014107044817319,0.00151550366453987,"finalRR",2,2
"339",28.5,247.370600414079,0.0565111065604392,0.000106224882561343,0.00148120584759639,0.00145331467283433,"finalRR",2,2
"340",29.5,259.05351521511,0.0628132794890986,0.000110579344825639,0.00147416341930093,0.00145980588924381,"finalRR",2,2
"341",30.5,26.7094211123723,0.00700859319394627,1.12607964529105e-05,0.000143670128417508,0.000134077906053115,"finalRR",2,2
"342",0.5,0.228,9.49487964788432e-05,9.57461300991129e-08,0.0016691938192585,0.0151109163969623,"finalGR",2,2
"343",1.5,2.932,0.00114154657438317,1.26282393387099e-06,0.00306646383337464,0.0175128371914029,"finalGR",2,2
"344",2.5,10.224,0.00329154112598663,4.51620943729391e-06,0.0039707285650609,0.0138351585162149,"finalGR",2,2
"345",3.5,20.15,0.00652743612820959,9.20486446082047e-06,0.00406185268946908,0.0116921798379911,"finalGR",2,2
"346",4.5,28.351,0.00904258155636056,1.30529173537471e-05,0.00348958033361324,0.00906393211932034,"finalGR",2,2
"347",5.5,35.663,0.011082719986456,1.62739460746257e-05,0.00296799892928468,0.00681995541984188,"finalGR",2,2
"348",6.5,44.464,0.0129772765785927,1.96082854054216e-05,0.00268306945913948,0.00549915441817431,"finalGR",2,2
"349",7.5,52.868,0.014719940026068,2.27394215781299e-05,0.00244977058041584,0.00461249052719214,"finalGR",2,2
"350",8.5,59.373,0.0167869540164217,2.56644552801403e-05,0.00222059667435913,0.00394043111356525,"finalGR",2,2
"351",9.5,69.486,0.0200373885475346,3.00288233166136e-05,0.00214850236181163,0.00364694668135353,"finalGR",2,2
"352",10.5,79.521,0.0236335011489213,3.46051226651155e-05,0.00209443861670703,0.00333698433309972,"finalGR",2,2
"353",11.5,86.41,0.0265856892388006,3.84254735797249e-05,0.00198522934503648,0.00310231667372558,"finalGR",2,2
"354",12.5,90.815,0.0281744825941856,4.11873631238959e-05,0.00185823803622929,0.0027850979067109,"finalGR",2,2
"355",13.5,98.5485485485486,0.0293814601236911,4.3633124821346e-05,0.0017628654829075,0.00241594312952307,"finalGR",2,2
"356",14.5,110.472417251755,0.0328343923715161,4.86192397576941e-05,0.00176114372508261,0.00243718113940908,"finalGR",2,2
"357",15.5,118.114343029087,0.0346444443031378,5.21192081528152e-05,0.00170698523456714,0.00243864708235245,"finalGR",2,2
"358",16.5,123.355421686747,0.0365027383093401,5.29160100902138e-05,0.00158109025745849,0.00212040161502139,"finalGR",2,2
"359",17.5,129.488955823293,0.0384145543112877,5.47058095645791e-05,0.00150439226553181,0.00195216931375125,"finalGR",2,2
"360",18.5,138.225903614458,0.0401981801076075,5.85643365178368e-05,0.00148952242304975,0.0019174514883521,"finalGR",2,2
"361",19.5,144.098492462312,0.041645986852444,6.03945953358761e-05,0.00142291977177102,0.0018009197698073,"finalGR",2,2
"362",20.5,149.225125628141,0.044960360119697,6.32645051466946e-05,0.00138630465272122,0.00176927744347716,"finalGR",2,2
"363",21.5,157.991951710262,0.0501372254761252,6.70958416806702e-05,0.00136938378928203,0.00171322016482472,"finalGR",2,2
"364",22.5,168.969788519637,0.0536351092902788,7.03690293117712e-05,0.00134214794652709,0.00162135970944616,"finalGR",2,2
"365",23.5,174.058526740666,0.0549918850165369,7.22714717346083e-05,0.00129492210824533,0.00141467013004031,"finalGR",2,2
"366",24.5,170.801015228426,0.0543410051709829,7.11002585320973e-05,0.00119957688495303,0.00130987378523724,"finalGR",2,2
"367",25.5,178.488253319714,0.0565350775903986,7.54697212080062e-05,0.00120656588667136,0.00135036564258215,"finalGR",2,2
"368",26.5,186.493827160494,0.0588385521566337,8.00917518240078e-05,0.00121801194497537,0.00141584162755291,"finalGR",2,2
"369",27.5,196.741324921136,0.0633261004165955,8.49274745321975e-05,0.00123218913991208,0.0013748576298395,"finalGR",2,2
"370",28.5,214.711063372718,0.0716854574981079,9.24541133105362e-05,0.00127849536168062,0.00131460114391005,"finalGR",2,2
"371",29.5,225.148106904232,0.0790873866251291,9.70337588494737e-05,0.00128314014557575,0.00125511699980864,"finalGR",2,2
"372",30.5,23.0372670807453,0.00845541082229087,1.00236427893404e-05,0.000128195343059732,0.000133711183250858,"finalGR",2,2
"373",0.5,88.237,0.000725570357987187,4.09923851874631e-05,0.649696733761609,0.282020721852914,"finalGG",3,2
"374",1.5,462.225,0.00373322158083826,0.00021260765864219,0.487545131415689,0.232477336217153,"finalGG",3,2
"375",2.5,877.176,0.00690206001773536,0.000400837938520631,0.34162173195275,0.178105310627551,"finalGG",3,2
"376",3.5,1206.905,0.00931196419737176,0.000552701738053843,0.242354530157621,0.134622305816518,"finalGG",3,2
"377",4.5,1511.328,0.0114126340833096,0.000689857598009738,0.185482231818707,0.107378813118458,"finalGG",3,2
"378",5.5,1890.033,0.0140002188173015,0.000858091093607623,0.157597555388143,0.0931918456452996,"finalGG",3,2
"379",6.5,2308.048,0.016843228080462,0.00104008561439764,0.140789581004555,0.0824636727665424,"finalGG",3,2
"380",7.5,2807.765,0.020154197927601,0.00125481160434769,0.13206802634534,0.0761301659747055,"finalGG",3,2
"381",8.5,3275.055,0.0232485540687202,0.00145355472520707,0.123544897074292,0.0702320475795985,"finalGG",3,2
"382",9.5,3693.753,0.0260343630890675,0.00162818526264039,0.11509812211195,0.0646048684233169,"finalGG",3,2
"383",10.5,4047.678,0.0283777136446419,0.00177349916551288,0.106591882310158,0.0587645737566551,"finalGG",3,2
"384",11.5,4290.25,0.0300287414510122,0.00187799155898428,0.0976135558135665,0.0531031555388141,"finalGG",3,2
"385",12.5,4481.569,0.0313306349946034,0.00195636518267703,0.0893461937358714,0.0482111742758689,"finalGG",3,2
"386",13.5,4683.888,0.0326890346028014,0.0020324129684395,0.0826607601787884,0.0438240512736444,"finalGG",3,2
"387",14.5,4894.52,0.0341122111146681,0.00211092532362655,0.077205176657555,0.0402706424038493,"finalGG",3,2
"388",15.5,5115.969,0.0355671582398902,0.00220044150913849,0.0729217790182734,0.0381326939745417,"finalGG",3,2
"389",16.5,5331.164,0.0370209350357506,0.00229278843906705,0.0692710088153701,0.0360266141198815,"finalGG",3,2
"390",17.5,5560.957,0.0387571777983562,0.00239114428315563,0.0662162186695411,0.03356891891737,"finalGG",3,2
"391",18.5,5801.259,0.0405932537613298,0.00249873495113769,0.0637323791161446,0.0320381280058046,"finalGG",3,2
"392",19.5,6060.902,0.0424907621165778,0.00261711957676748,0.0617999687354612,0.0319391784374587,"finalGG",3,2
"393",20.5,6230.122,0.043764511485024,0.00269680384250594,0.0592269634346728,0.0315110318461329,"finalGG",3,2
"394",21.5,6435.846,0.0453548787309889,0.0027827335653878,0.0570536385628148,0.0304638650046325,"finalGG",3,2
"395",22.5,6646.701,0.0469521630175538,0.00286256790975035,0.054951325252496,0.028610329604235,"finalGG",3,2
"396",23.5,6858.353,0.0486489525078394,0.00294878244523579,0.0531748775868964,0.0271098270624318,"finalGG",3,2
"397",24.5,7080.939,0.0503125316224085,0.0030423928017913,0.0517001917890557,0.0268820064301826,"finalGG",3,2
"398",25.5,7281.33,0.0519984936502571,0.00312988512863195,0.050263820098557,0.0266507221469211,"finalGG",3,2
"399",26.5,7455.461,0.0536536670136974,0.00320607077902459,0.0487831142734794,0.026226573475802,"finalGG",3,2
"400",27.5,7617.343,0.055188432522529,0.00327663778749646,0.0473893222355208,0.0255546021721375,"finalGG",3,2
"401",28.5,7821.945,0.0570143422740902,0.00336162291131834,0.0463323426552834,0.0246553465679959,"finalGG",3,2
"402",29.5,7949.129,0.058393593006565,0.00341484606523257,0.0449846120590311,0.0236932556805828,"finalGG",3,2
"403",30.5,731.539,0.00538479918902089,0.000312790129557595,0.00395856498493379,0.00204599725996873,"finalGG",3,2
"404",0.5,13.988,0.000120332371674989,6.56863189322354e-06,0.103109014052475,0.167678280134294,"finalRG",3,2
"405",1.5,148.799,0.00124317738263486,7.00322729590391e-05,0.156961549193545,0.170651759439138,"finalRG",3,2
"406",2.5,418.205,0.00340875642840688,0.00019409198408339,0.162779096709126,0.150174913976451,"finalRG",3,2
"407",3.5,717.22,0.00576499825216261,0.000329294709154092,0.143932917965117,0.12309451077356,"finalRG",3,2
"408",4.5,1013.566,0.00804332545157634,0.000460269173344786,0.124322761126857,0.100367585008383,"finalRG",3,2
"409",5.5,1363.698,0.0106279900252767,0.000608054219039135,0.113651198156247,0.0872780228569169,"finalRG",3,2
"410",6.5,1735.06,0.0133818663702019,0.000764783757966397,0.105712055742538,0.0759103301905434,"finalRG",3,2
"411",7.5,2150.596,0.0164544484848991,0.000937609984951738,0.10101066121451,0.0676719793604064,"finalRG",3,2
"412",8.5,2566.403,0.0194586884983249,0.00110560584825056,0.0966972725125823,0.0619858986607708,"finalRG",3,2
"413",9.5,2954.573,0.02225346856689,0.00126522457388031,0.0919680179309322,0.0574125987433121,"finalRG",3,2
"414",10.5,3373.924,0.0253745341050277,0.00143817415254915,0.0886397766709335,0.0534153454041335,"finalRG",3,2
"415",11.5,3726.666,0.0281185156222458,0.00158178873673412,0.0840882638603865,0.0482770625877118,"finalRG",3,2
"416",12.5,3990.5,0.0301928098270639,0.00168428274349979,0.0784664235485037,0.0430630365230215,"finalRG",3,2
"417",13.5,4232.503,0.0320187562169899,0.00178095434641489,0.0735066846277136,0.0393008443463091,"finalRG",3,2
"418",14.5,4509.66,0.0341613740185812,0.00189420413127233,0.0698692160646592,0.0363014576925207,"finalRG",3,2
"419",15.5,4796.733,0.03621617748029,0.00200315469934996,0.0667038151277937,0.0338700500712053,"finalRG",3,2
"420",16.5,5123.356,0.0384679293387537,0.00212437015682965,0.0643631688353077,0.0316141296484608,"finalRG",3,2
"421",17.5,5466.577,0.0408264095115707,0.00226021982602666,0.0626701055213586,0.0316956187036774,"finalRG",3,2
"422",18.5,5724.801,0.0426291429920221,0.00236718774870387,0.0603527045601208,0.0321262272336359,"finalRG",3,2
"423",19.5,5963.957,0.0444603817809372,0.00247686398629436,0.0583597644886803,0.0322972290271532,"finalRG",3,2
"424",20.5,6047.963,0.0453540983284019,0.00251661422670048,0.0550344567659918,0.0299015158007011,"finalRG",3,2
"425",21.5,6215.184,0.0468779228180517,0.00258624217158329,0.0527078844325037,0.0277704444551453,"finalRG",3,2
"426",22.5,6487.117,0.0492099898947023,0.00270167737119672,0.0515309567497373,0.0277550315269079,"finalRG",3,2
"427",23.5,6722.53,0.0513906289210131,0.00280192550597157,0.0502083507273424,0.0278048091874567,"finalRG",3,2
"428",24.5,6933.516,0.0534875255917212,0.00289741702247641,0.0489446553524425,0.0286072271723499,"finalRG",3,2
"429",25.5,7077.509,0.0548842193395879,0.00295714482117693,0.0472135522951403,0.0284568455983432,"finalRG",3,2
"430",26.5,7201.57,0.0560170115654102,0.00300585629615606,0.0454901636302817,0.0275331562937734,"finalRG",3,2
"431",27.5,7414.48,0.0579903651085127,0.00308472468432025,0.0443490687702072,0.0256712477060957,"finalRG",3,2
"432",28.5,7764.166,0.0610938151420422,0.00322898420559906,0.0442676408117684,0.0247302547687794,"finalRG",3,2
"433",29.5,8115.834,0.0644099652256188,0.00337459915016079,0.0442696788038458,0.0240033289481342,"finalRG",3,2
"434",30.5,758.778,0.00606137533940755,0.000315588359952657,0.0039863468881386,0.00215967039402688,"finalRG",3,2
"435",0.5,59.59,0.0208254608839976,2.79138782544102e-05,0.437770176957141,0.221580878569398,"finalRR",3,2
"436",1.5,160.871,0.0542086536385484,7.33794085803845e-05,0.169283675051694,0.0909114014515497,"finalRR",3,2
"437",2.5,117.145,0.0381842406532903,5.1549781482949e-05,0.0454207191431946,0.0453493444013323,"finalRR",3,2
"438",3.5,68.762,0.0209865784369746,3.02775189479288e-05,0.0137364795947483,0.0203634137374755,"finalRR",3,2
"439",4.5,51.0580580580581,0.0150750789593086,2.31665850142357e-05,0.00627813902514775,0.0106822621196394,"finalRR",3,2
"440",5.5,49.033033033033,0.0122294842312567,2.18964932869153e-05,0.00408221447785107,0.00678502842055846,"finalRR",3,2
"441",6.5,46.5225225225225,0.00994078410380756,2.05657771567271e-05,0.00283175982064401,0.00479100764028207,"finalRR",3,2
"442",7.5,59.3973973973974,0.0125777924019678,2.58366666136148e-05,0.00276364369819452,0.00451762149985097,"finalRR",3,2
"443",8.5,75.5515515515516,0.0163336630804364,3.38516940405126e-05,0.00286418486309719,0.00422368419351697,"finalRR",3,2
"444",9.5,85.4004004004004,0.0193252845742861,3.88620301874534e-05,0.00274171007036492,0.00399190731417961,"finalRR",3,2
"445",10.5,102.366366366366,0.0234140060708987,4.37989910513697e-05,0.00270610401649805,0.00369237764264146,"finalRR",3,2
"446",11.5,119.426426426426,0.0277866763432121,5.04610954685382e-05,0.002696552921371,0.00336098873855411,"finalRR",3,2
"447",12.5,133.488488488488,0.0298834463996417,5.59482784472548e-05,0.00261589766149025,0.00297593783381333,"finalRR",3,2
"448",13.5,133.804609218437,0.0274897270426748,5.75525481460846e-05,0.0023655946648296,0.00285713857885115,"finalRR",3,2
"449",14.5,138.712136409228,0.0273556575690465,6.09852033389178e-05,0.00222451342822829,0.0027917245466612,"finalRR",3,2
"450",15.5,158.383451059536,0.0324071680586466,6.88732026913108e-05,0.00227365177290766,0.00273808302213254,"finalRR",3,2
"451",16.5,161.556004036327,0.0340262895846356,6.83306082923528e-05,0.00206828175752639,0.00236086434158739,"finalRR",3,2
"452",17.5,171.665656565657,0.0376080640530237,7.0150352256624e-05,0.00195492481914104,0.00205045376470889,"finalRR",3,2
"453",18.5,180.687246963563,0.0397984214883982,7.26716201878765e-05,0.00186409538394794,0.00196027997178084,"finalRR",3,2
"454",19.5,174.372967479675,0.036600619311618,7.035437531332e-05,0.00166502416058804,0.00181298246849402,"finalRR",3,2
"455",20.5,178.791029561672,0.0363455661672556,7.54646052010137e-05,0.00165778931337308,0.00211490633400773,"finalRR",3,2
"456",21.5,206.929519918284,0.0423995174995861,8.7860879850949e-05,0.00180027346420868,0.00220693539879126,"finalRR",3,2
"457",22.5,226.312114989733,0.0466681105256042,9.54303704222046e-05,0.00182599112003234,0.00218156983880901,"finalRR",3,2
"458",23.5,228.069143446852,0.0456683666217778,9.66181171959762e-05,0.00173564907336189,0.00213763789758805,"finalRR",3,2
"459",24.5,216.900414937759,0.0451256925196955,9.03605911839553e-05,0.0015246624554126,0.00169301640547159,"finalRR",3,2
"460",25.5,211.64308012487,0.0457677589994618,8.59567002751986e-05,0.00136487628731507,0.00134160798607228,"finalRR",3,2
"461",26.5,231.673662119622,0.0494170943546445,9.15534156692917e-05,0.00136625597422997,0.00128946346857773,"finalRR",3,2
"462",27.5,247.50580781415,0.0523779759055003,9.80812132021832e-05,0.0013910200891257,0.00138024670551029,"finalRR",3,2
"463",28.5,261.686759956943,0.0575164390954992,0.000105089057385609,0.00142738933420293,0.00133202096409244,"finalRR",3,2
"464",29.5,276.478212290503,0.0630438108240388,0.000111449977963307,0.00144797251536501,0.00125427650850021,"finalRR",3,2
"465",30.5,28.5196078431373,0.00658673141624091,1.1480105555685e-05,0.000143387737750474,0.000118321169066094,"finalRR",3,2
"466",0.5,0.337675350701403,9.60452448077329e-05,1.68042070873891e-07,0.00247212986099443,0.0250914121290219,"finalGR",3,2
"467",1.5,3.94088176352705,0.00121958952565124,2.0389084210729e-06,0.00415151989454383,0.023359252559734,"finalGR",3,2
"468",2.5,11.3957915831663,0.00377173887887506,5.41008233923389e-06,0.00444783388255359,0.0157436807350205,"finalGR",3,2
"469",3.5,18.5581162324649,0.00644047414813893,8.39519431212356e-06,0.00371855725440228,0.0100119317556735,"finalGR",3,2
"470",4.5,24.8657314629259,0.00829761082915452,1.14708794578817e-05,0.00305516427705581,0.00727314206230323,"finalGR",3,2
"471",5.5,35.9428857715431,0.0119629651385339,1.66078219827309e-05,0.00298303668050286,0.00628264201487947,"finalGR",3,2
"472",6.5,43.4919839679359,0.0140028566398375,1.97253741667791e-05,0.00265019674596428,0.00535333049464488,"finalGR",3,2
"473",7.5,56.3697394789579,0.0173433906375041,2.51586011885415e-05,0.00266332161918772,0.00477610391711877,"finalGR",3,2
"474",8.5,66.2955911823647,0.0198461618933306,2.93499173234302e-05,0.00251598982113045,0.00434957797729005,"finalGR",3,2
"475",9.5,75.9789579158317,0.0223527756439017,3.35014160036745e-05,0.00237454705548334,0.00388003561483535,"finalGR",3,2
"476",10.5,85.8866599799398,0.0253364307356464,3.81397338893171e-05,0.00229161372280707,0.00339136934968523,"finalGR",3,2
"477",11.5,94.2668004012036,0.0274531860137501,4.09954716946096e-05,0.00215371409247657,0.00294342528854157,"finalGR",3,2
"478",12.5,104.141424272818,0.0301897898910757,4.48621054979744e-05,0.00208027921851048,0.00283691264144588,"finalGR",3,2
"479",13.5,107.46740220662,0.0314167006572145,4.70293313760904e-05,0.0019266289044164,0.00281585901748529,"finalGR",3,2
"480",14.5,115.341023069208,0.0331407662537519,5.09250675686646e-05,0.00187394492425016,0.00268262068530927,"finalGR",3,2
"481",15.5,125.667001003009,0.0352679178176995,5.49042989336481e-05,0.00182438247071964,0.00247551352819749,"finalGR",3,2
"482",16.5,135.148445336008,0.0387768761422376,5.93423256522634e-05,0.00178811886263532,0.00237305895801919,"finalGR",3,2
"483",17.5,141.352409638554,0.0420141391850679,6.19917386298664e-05,0.0017104263371093,0.00223538316854457,"finalGR",3,2
"484",18.5,146.073293172691,0.043734963933937,6.29673648304059e-05,0.00159941223851696,0.00199252945065452,"finalGR",3,2
"485",19.5,154.818913480885,0.0451554349813607,6.59634323351179e-05,0.00155738395582622,0.00188452883285118,"finalGR",3,2
"486",20.5,163.475277497477,0.0477028785266637,6.91127738115984e-05,0.0015167540195435,0.00176008524693861,"finalGR",3,2
"487",21.5,168.410101010101,0.0495104847228424,7.11629360229208e-05,0.00145314748903036,0.00164096832335388,"finalGR",3,2
"488",22.5,178.295845997974,0.052117490356353,7.61774946947485e-05,0.00145766058644082,0.00179222748369137,"finalGR",3,2
"489",23.5,182.561991869919,0.0548017326747336,7.82963121340043e-05,0.00140995682520958,0.0017698396574576,"finalGR",3,2
"490",24.5,176.357798165138,0.0526815255400613,7.61060378536493e-05,0.00129333006437977,0.00160414510593864,"finalGR",3,2
"491",25.5,174.921730175077,0.0514092743664165,7.44152286137467e-05,0.00119144496838426,0.00136869043986245,"finalGR",3,2
"492",26.5,187.67087276551,0.0555875896666714,8.00064226331456e-05,0.00121400369139782,0.00130846512403574,"finalGR",3,2
"493",27.5,201.233905579399,0.0605115242263744,8.67210850841654e-05,0.00125260702847167,0.00140293734524185,"finalGR",3,2
"494",28.5,216.465038845727,0.065243233686514,9.19310545568063e-05,0.00126056438711374,0.00131606527643862,"finalGR",3,2
"495",29.5,230.145029239766,0.0744930449717844,9.88913951112782e-05,0.00130132607751062,0.00134805705456942,"finalGR",3,2
"496",30.5,24.3764861294584,0.00882496605334776,1.05597665984695e-05,0.000134030803945108,0.000135985963253811,"finalGR",3,2
"497",0.5,87.757,0.000627998343861563,4.22565944931682e-05,0.645894781241261,0.263348992934538,"finalGG",4,2
"498",1.5,458.566,0.00322046775356261,0.000218125602166448,0.484969672958691,0.218273172452725,"finalGG",4,2
"499",2.5,869.666,0.00595953734534409,0.000409966475657982,0.340941432609985,0.174871622752124,"finalGG",4,2
"500",3.5,1214.77,0.00813041291916295,0.000566561660616351,0.24588814441837,0.137332926650862,"finalGG",4,2
"501",4.5,1574.629,0.0103706134204597,0.000728221308174084,0.194734132870097,0.113716300382467,"finalGG",4,2
"502",5.5,2056.84,0.0133658315523782,0.00094175361357369,0.172357198172262,0.0986642836767953,"finalGG",4,2
"503",6.5,2588.497,0.01657407730578,0.00117071000883786,0.157919325966331,0.0862562251886278,"finalGG",4,2
"504",7.5,3176.51,0.0200714006572995,0.00143078613511833,0.149328432930816,0.0825675101701618,"finalGG",4,2
"505",8.5,3708.431,0.0232092338366845,0.00167449433294561,0.140536447551796,0.0870280147640643,"finalGG",4,2
"506",9.5,4178.541,0.0260080207806213,0.00188475813433301,0.131218730174775,0.0828006897330592,"finalGG",4,2
"507",10.5,4574.713,0.0284076452602502,0.00204813762357352,0.121113233059488,0.0665183266298725,"finalGG",4,2
"508",11.5,4888.684,0.030222785420815,0.00217866316445309,0.111458763268795,0.0581770519377567,"finalGG",4,2
"509",12.5,5195.812,0.0319799376075946,0.00230532155668824,0.10366480368235,0.0533675941371012,"finalGG",4,2
"510",13.5,5523.811,0.0338960156880044,0.0024427195109406,0.0977009018686076,0.0506430745631693,"finalGG",4,2
"511",14.5,5844.744,0.035859585617338,0.00258771317786419,0.0930142049632984,0.0516321782715405,"finalGG",4,2
"512",15.5,6078.945,0.0372613403453081,0.00268846299389961,0.0876391528876777,0.0487732209292889,"finalGG",4,2
"513",16.5,6262.847,0.0383229729329206,0.00276253054061035,0.0822261872784994,0.0442070606469708,"finalGG",4,2
"514",17.5,6457.275,0.0395118494860063,0.00284387451267078,0.0778143720607549,0.0417161687020258,"finalGG",4,2
"515",18.5,6675.112,0.0409268210550143,0.00293095598636913,0.0741009713706597,0.0384071381259586,"finalGG",4,2
"516",19.5,6947.176,0.0427499153885378,0.0030490895704068,0.0715184539396858,0.0365120744389141,"finalGG",4,2
"517",20.5,7172.685,0.0442886819885657,0.00314752986323297,0.0687901035289058,0.0359387138853533,"finalGG",4,2
"518",21.5,7427.577,0.0459154939616722,0.00325243414853203,0.0664755014861578,0.0339090062325764,"finalGG",4,2
"519",22.5,7702.596,0.0477708622649855,0.00338068837924647,0.0648644231780046,0.0345932825333293,"finalGG",4,2
"520",23.5,7858.888,0.048817212845492,0.00346072225189793,0.0625263499435526,0.0381130703599246,"finalGG",4,2
"521",24.5,8072.111,0.0501788432195429,0.00356158570110097,0.0607518714984816,0.043337831954595,"finalGG",4,2
"522",25.5,8330.872,0.0517212163135589,0.00366154469831082,0.0590833984492673,0.0437032061537797,"finalGG",4,2
"523",26.5,8522.996,0.0528570860102552,0.00371980265501643,0.0569108242817453,0.0376675644190887,"finalGG",4,2
"524",27.5,8680.771,0.0539818575369001,0.00376945995337836,0.0548526402048101,0.0323962415532679,"finalGG",4,2
"525",28.5,8875.417,0.0555065954354253,0.00384436863959169,0.0533909672695283,0.0296765583587819,"finalGG",4,2
"526",29.5,9049.884,0.0569868536073243,0.0039216196413146,0.0521257118754027,0.029994543270162,"finalGG",4,2
"527",30.5,839.666,0.00529883409933432,0.00036265385262107,0.0046362628338668,0.00261232048029446,"finalGG",4,2
"528",0.5,13.337,9.03421155859552e-05,6.74187743392248e-06,0.098858465804379,0.165521646520782,"finalRG",4,2
"529",1.5,149.801,0.000981808759582703,7.23280993991789e-05,0.159487007616993,0.165005873300682,"finalRG",4,2
"530",2.5,455.872,0.00302976321804177,0.000219618049850302,0.180259127064736,0.142040569953158,"finalRG",4,2
"531",3.5,826.336,0.00552821684750323,0.000395256414416476,0.168732491959986,0.117760602161384,"finalRG",4,2
"532",4.5,1221.55,0.00813871066583657,0.000576626434853359,0.152130060454189,0.0986956639558268,"finalRG",4,2
"533",5.5,1679.252,0.0111184534236986,0.000780634390544849,0.141645334462521,0.0856268437118984,"finalRG",4,2
"534",6.5,2151.045,0.0141623643045513,0.000986515923504181,0.132537745637187,0.0751490538798428,"finalRG",4,2
"535",7.5,2667.609,0.0174492773180134,0.00121655570002746,0.127283820318773,0.0696557862577235,"finalRG",4,2
"536",8.5,3133.131,0.0202933492585139,0.00142219103164074,0.120817201550785,0.0642486110272428,"finalRG",4,2
"537",9.5,3545.366,0.0227463245420388,0.00160865397876794,0.113967368129949,0.0594843388848736,"finalRG",4,2
"538",10.5,3939.822,0.0250510732226591,0.00178639009972558,0.107944582859106,0.0547985137254193,"finalRG",4,2
"539",11.5,4347.92,0.0274495364556712,0.00196445393974783,0.103177790523384,0.050563333537179,"finalRG",4,2
"540",12.5,4732.848,0.0297399572643247,0.00212629306059699,0.0983672784818767,0.0479644571235167,"finalRG",4,2
"541",13.5,5127.844,0.0320195037912054,0.00228003813169688,0.0940417363669813,0.0457067646342867,"finalRG",4,2
"542",14.5,5480.612,0.0341044156471194,0.00242262963450024,0.0897412804777497,0.0426535008227149,"finalRG",4,2
"543",15.5,5836.621,0.0362665459166882,0.00257236524201774,0.0861397312353323,0.0395891616607218,"finalRG",4,2
"544",16.5,6240.51,0.0387171993905692,0.00275013723862351,0.0838053178700451,0.037816040568343,"finalRG",4,2
"545",17.5,6664.175,0.0412677984440361,0.00294330532925235,0.082146648537491,0.0372403488877382,"finalRG",4,2
"546",18.5,6958.021,0.0430425928898869,0.00308094000811745,0.0791498668354861,0.0361518141734361,"finalRG",4,2
"547",19.5,7216.825,0.044775030741517,0.00320492539356511,0.0761636868906797,0.0344555049290694,"finalRG",4,2
"548",20.5,7383.713,0.0460301112501241,0.00328401340088083,0.072538972515101,0.0330706041127474,"finalRG",4,2
"549",21.5,7645.621,0.0479695196529967,0.00341291708828061,0.0704022161475292,0.0329303849289443,"finalRG",4,2
"550",22.5,7930.442,0.049899440043373,0.00354946311276653,0.0686481384655584,0.0333781288219927,"finalRG",4,2
"551",23.5,8160.845,0.0513115659504629,0.00364546297675981,0.066262322689324,0.0325283557749639,"finalRG",4,2
"552",24.5,8437.672,0.0531369792809435,0.00376859059091119,0.0645973546219239,0.0322620860639273,"finalRG",4,2
"553",25.5,8674.641,0.0547850524444731,0.00387553730176915,0.0628692996099233,0.0319698687687626,"finalRG",4,2
"554",26.5,8830.846,0.055991624555062,0.00394433368026534,0.0607041582059034,0.0311100656901111,"finalRG",4,2
"555",27.5,9003.16,0.0574620277915056,0.00401826756292539,0.058797307252321,0.0304768408340609,"finalRG",4,2
"556",28.5,9277.301,0.0596008097328645,0.00413075964756465,0.057570704654651,0.0302219307779596,"finalRG",4,2
"557",29.5,9575.613,0.0620435229025602,0.00425381629997924,0.0565993390828198,0.0291343868856499,"finalRG",4,2
"558",30.5,891.22,0.0057970821785911,0.000395279532345423,0.00505414489292954,0.00257815386441288,"finalRG",4,2
"559",0.5,51.518,0.0156675167847207,2.53962819272239e-05,0.379787612627132,0.223887694625705,"finalRR",4,2
"560",1.5,127.564,0.0376856559471303,6.35800437180749e-05,0.135788253244273,0.0896945215685846,"finalRR",4,2
"561",2.5,85.629,0.0234855887283336,4.33749453659909e-05,0.0341620464654248,0.0367411153463372,"finalRR",4,2
"562",3.5,60.147,0.0160796913460923,2.95866261432347e-05,0.0123616865774189,0.0174880903905594,"finalRR",4,2
"563",4.5,57.835,0.0143280753229068,2.83996740491765e-05,0.00726108816691769,0.0107044767324655,"finalRR",4,2
"564",5.5,60.84,0.0137679000942937,2.92727610515244e-05,0.00518291623515068,0.00664280616749587,"finalRR",4,2
"565",6.5,72.042042042042,0.0142433409613407,3.35775263363541e-05,0.00445965975025602,0.0053277184487835,"finalRR",4,2
"566",7.5,84.6786786786787,0.0159095689539115,4.00279564529882e-05,0.00406059956880349,0.00495762129980427,"finalRR",4,2
"567",8.5,95.9389389389389,0.0180600925680216,4.46130999935688e-05,0.00370126298195989,0.00427736694686607,"finalRR",4,2
"568",9.5,115.451451451451,0.0220421771397575,5.33214595115969e-05,0.00372305876738006,0.00409272032666208,"finalRR",4,2
"569",10.5,143.185185185185,0.0260984548668713,6.64465689097133e-05,0.00395628323709001,0.0043050890685529,"finalRR",4,2
"570",11.5,159.153153153153,0.0285848871879602,7.40762497997133e-05,0.00383174950012325,0.00403578032451722,"finalRR",4,2
"571",12.5,156.664664664665,0.0289659092047139,7.35952980411332e-05,0.0033639929424278,0.00326113623174377,"finalRR",4,2
"572",13.5,156.637637637638,0.0293561387219448,7.3962515445248e-05,0.00301068155021087,0.00287437189094946,"finalRR",4,2
"573",14.5,161.547547547548,0.0296748973827329,7.47571432109205e-05,0.00274524646828214,0.00267758414897846,"finalRR",4,2
"574",15.5,166.688688688689,0.0309346685800773,7.89972478908541e-05,0.00261493703030588,0.00330236820342656,"finalRR",4,2
"575",16.5,178.574574574575,0.0327079441706243,8.2074320031494e-05,0.00249254133580949,0.00280691309333291,"finalRR",4,2
"576",17.5,187.333333333333,0.0344740185865311,8.44105248806578e-05,0.00235646195857569,0.00224615565459412,"finalRR",4,2
"577",18.5,193.895895895896,0.0366961963532402,8.74181473794738e-05,0.00224998461298932,0.00212326514297631,"finalRR",4,2
"578",19.5,211.049049049049,0.0408296617231966,9.58044770506544e-05,0.00228822831955692,0.00217321302422561,"finalRR",4,2
"579",20.5,216.630630630631,0.0410722800560693,9.97381674184636e-05,0.00221586422747127,0.00233343628097994,"finalRR",4,2
"580",21.5,226.055055055055,0.0418669009619185,0.000105307823433143,0.00218449632748216,0.0021756247386151,"finalRR",4,2
"581",22.5,233.042084168337,0.0432655963028433,0.000106211782280304,0.00206174526977484,0.00194699106608525,"finalRR",4,2
"582",23.5,238.543718592965,0.0432960383422039,0.000109846866140201,0.00200943865347943,0.00222396110498368,"finalRR",4,2
"583",24.5,245.175050301811,0.0450957099210264,0.000114038527149121,0.0019706091713535,0.00240558917866586,"finalRR",4,2
"584",25.5,254.088531187123,0.047793152579275,0.000114059616086499,0.00185271460632932,0.00174616158232699,"finalRR",4,2
"585",26.5,267.655555555556,0.0508062370282125,0.000118935137255392,0.00183028912977085,0.00169738398322795,"finalRR",4,2
"586",27.5,278.619242579324,0.0542911455814523,0.000124303002876254,0.00182200238455853,0.00153645797096356,"finalRR",4,2
"587",28.5,296.757700205339,0.058613477870037,0.000132370039703557,0.00184450256111281,0.00167712192762522,"finalRR",4,2
"588",29.5,315.597713097713,0.065330914290899,0.00014131064970272,0.00188700439560759,0.001736452451967,"finalRR",4,2
"589",30.5,30.9848156182213,0.00658493278170208,1.40662032711142e-05,0.000181636085879771,0.0001758455255768,"finalRR",4,2
"590",0.5,0.299,7.25928983506173e-05,1.35068581270339e-07,0.00219172222957467,0.0210162195541212,"finalGR",4,2
"591",1.5,3.335,0.000913954672004546,1.4981547823471e-06,0.00353134366877721,0.0165733552901713,"finalGR",4,2
"592",2.5,10.448,0.0028739289517854,5.03918912997605e-06,0.00413383994900664,0.0131523624155761,"finalGR",4,2
"593",3.5,18.176,0.00487084756363804,8.62412397660728e-06,0.00370459970893455,0.00910151287782844,"finalGR",4,2
"594",4.5,26.819,0.00727620902573971,1.25984460981839e-05,0.00331387016590799,0.00712963283383307,"finalGR",4,2
"595",5.5,39.935,0.0104196869230112,1.85014217430904e-05,0.00336362931734779,0.00645155606776202,"finalGR",4,2
"596",6.5,49.677,0.0126042755709167,2.3462761550967e-05,0.00311175903792717,0.00602928803016097,"finalGR",4,2
"597",7.5,59.124,0.0148912375639513,2.76257125687423e-05,0.00284311325609602,0.0047597146370651,"finalGR",4,2
"598",8.5,74.5795795795796,0.018612924334939,3.34334506927021e-05,0.00281949451341625,0.00397706429732115,"finalGR",4,2
"599",9.5,88.2542542542542,0.0226980946369649,3.85117946061384e-05,0.002723436175334,0.00373611282725974,"finalGR",4,2
"600",10.5,96.1041041041041,0.0246667437866408,4.1487163017604e-05,0.00248520908470067,0.00323973555571602,"finalGR",4,2
"601",11.5,104.005005005005,0.0252964463342511,4.45158809924843e-05,0.00231653492603035,0.00281105420115163,"finalGR",4,2
"602",12.5,117.469469469469,0.0296728385026011,4.99686387173001e-05,0.00228275332549002,0.00256869061411288,"finalGR",4,2
"603",13.5,127.670670670671,0.0324042725895217,5.3670027521224e-05,0.00218247463053213,0.00238780986564325,"finalGR",4,2
"604",14.5,140.481481481481,0.0350826572316813,5.84860908710822e-05,0.00213263596284054,0.00229716010876497,"finalGR",4,2
"605",15.5,144.05005005005,0.0359800891886665,6.01842625970653e-05,0.00197795247241634,0.00216735216268842,"finalGR",4,2
"606",16.5,145.196196196196,0.0362461865179515,6.09381076551087e-05,0.00182452455160114,0.00197866847136036,"finalGR",4,2
"607",17.5,155.972972972973,0.0398610739153468,6.56184116079803e-05,0.00179971120712396,0.00186385620665167,"finalGR",4,2
"608",18.5,170.661661661662,0.0421665835378946,7.146137421928e-05,0.00180606219827953,0.00179095417664482,"finalGR",4,2
"609",19.5,182.343343343343,0.045541853921655,7.74982341533739e-05,0.0018140920171203,0.00183533471305221,"finalGR",4,2
"610",20.5,173.718436873747,0.0443618201460807,7.42995903005855e-05,0.00161750308442973,0.0016568764502153,"finalGR",4,2
"611",21.5,183.74248496994,0.0470639901883847,8.03821130477749e-05,0.00163747097057222,0.00213539873562139,"finalGR",4,2
"612",22.5,199.636180904523,0.0503444119170847,8.65526558514385e-05,0.00165519277848659,0.00187469180285503,"finalGR",4,2
"613",23.5,207.611503531786,0.0541185649589762,9.11039166030929e-05,0.00164431658214416,0.00196274672592774,"finalGR",4,2
"614",24.5,212.789101917255,0.054836957042418,9.10530963589541e-05,0.00154556631488014,0.00161115383290997,"finalGR",4,2
"615",25.5,228.267005076142,0.0584165604859957,9.6977671297955e-05,0.00155475886045268,0.00150844380814264,"finalGR",4,2
"616",26.5,229.680612244898,0.0608761841040571,9.8463367954247e-05,0.0015015434975619,0.00150036153442721,"finalGR",4,2
"617",27.5,233.648815653965,0.0627255391117708,9.88257664815909e-05,0.00143051275222428,0.0012988575559305,"finalGR",4,2
"618",28.5,245.597046413502,0.064608695802181,0.000103274083083803,0.00142460211178877,0.00126544310816195,"finalGR",4,2
"619",29.5,258.155266015201,0.0688233078702393,0.000111055241805224,0.00147428101879595,0.00148690127406863,"finalGR",4,2
"620",30.5,25.5355064027939,0.00719951114684486,1.10808813970075e-05,0.000142308425593439,0.000143602874968321,"finalGR",4,2
"621",0.5,87.613,0.000578752941255705,3.94874641101076e-05,0.643606770386538,0.27649003897393,"finalGG",5,2
"622",1.5,456.65,0.00293717422013976,0.000204292749453197,0.481292645257135,0.213709766293698,"finalGG",5,2
"623",2.5,868.653,0.00538682744784293,0.000383915813817201,0.338624052679865,0.163959091618709,"finalGG",5,2
"624",3.5,1222.861,0.00734745030176753,0.000532278132644661,0.24528997853124,0.127925992930751,"finalGG",5,2
"625",4.5,1588.885,0.00925763415020292,0.000682209168624311,0.1940243088476,0.104941118919467,"finalGG",5,2
"626",5.5,2101.01,0.0119498075263282,0.000894312473916078,0.173646211018034,0.0945671047510405,"finalGG",5,2
"627",6.5,2703.119,0.015172024628899,0.00114567690299747,0.162580262023512,0.0864124662362923,"finalGG",5,2
"628",7.5,3383.779,0.0188218494882193,0.00142548179487674,0.156036463201729,0.0791546686619517,"finalGG",5,2
"629",8.5,4027.873,0.0222491770471885,0.00168493241263744,0.148083896508653,0.0719596799025387,"finalGG",5,2
"630",9.5,4578.352,0.0251351642352017,0.00190538009135214,0.138462589903752,0.065866371628391,"finalGG",5,2
"631",10.5,5044.879,0.0274760849667032,0.00209751549015595,0.128715534395039,0.0609595666007849,"finalGG",5,2
"632",11.5,5429.886,0.0293468292776793,0.00225786941897829,0.119167662049418,0.056164890734821,"finalGG",5,2
"633",12.5,5786.395,0.0310786855496169,0.0024045498468639,0.11089718395798,0.0521850249933379,"finalGG",5,2
"634",13.5,6189.548,0.0331011934913626,0.00256820698240297,0.104897860838874,0.0495488707932663,"finalGG",5,2
"635",14.5,6571.795,0.0351188439556445,0.00272445563196749,0.0995956364020864,0.0470440830819035,"finalGG",5,2
"636",15.5,6908.621,0.036807654751912,0.00285373186746307,0.0942447380150908,0.0441092747048948,"finalGG",5,2
"637",16.5,7203.939,0.0382400707679323,0.0029648037137564,0.0890643356435205,0.0409423558155537,"finalGG",5,2
"638",17.5,7497.911,0.0398230334522467,0.00308253038814938,0.0847609043301783,0.0384896738017532,"finalGG",5,2
"639",18.5,7764.455,0.0412971483686232,0.00319183612437279,0.0807881192118204,0.0366068016248772,"finalGG",5,2
"640",19.5,8103.124,0.0432131348721729,0.00333056823064803,0.0779758577774392,0.0350880588496402,"finalGG",5,2
"641",20.5,8347.931,0.0444991729392272,0.0034277925503203,0.0745659216362092,0.0337141591334061,"finalGG",5,2
"642",21.5,8711.172,0.0464344559380136,0.00357186089331312,0.0724503913083007,0.0326268273484121,"finalGG",5,2
"643",22.5,9027.617,0.0482296404989874,0.00369924345808372,0.0702100719229212,0.0314873592408941,"finalGG",5,2
"644",23.5,9310.817,0.0499311962570863,0.00381795542475448,0.0680524631441162,0.031011070939072,"finalGG",5,2
"645",24.5,9543.747,0.0513568863615216,0.00391014886914383,0.0656525420892345,0.0296790093366221,"finalGG",5,2
"646",25.5,9741.728,0.0527276357215882,0.00399039020567361,0.063319793693527,0.0281250477735758,"finalGG",5,2
"647",26.5,9935.321,0.0541441931716083,0.00407201280866231,0.0612829660516829,0.0270480506759457,"finalGG",5,2
"648",27.5,10161.232,0.0557317976529691,0.00416644213510814,0.0596320590906008,0.0266605737246842,"finalGG",5,2
"649",28.5,10464.379,0.057763350587397,0.00429564529627935,0.0586538870371739,0.026463229082251,"finalGG",5,2
"650",29.5,10673.778,0.0593387465278932,0.00438802697523454,0.0573609984441072,0.0259782231777094,"finalGG",5,2
"651",30.5,988.343,0.0055043829027687,0.00040554605497832,0.00510071872697838,0.00232254787103704,"finalGG",5,2
"652",0.5,13.784,8.78975820170173e-05,6.33544254300478e-06,0.101013368766296,0.161284995374909,"finalRG",5,2
"653",1.5,154.329,0.000954154232413487,7.19583351160721e-05,0.161986505549132,0.15850476331741,"finalRG",5,2
"654",2.5,467.762,0.00279547757036845,0.000216886228138848,0.181672537007261,0.141206365843192,"finalRG",5,2
"655",3.5,843.925,0.00500728476249666,0.000391507514572257,0.169252493328854,0.116509859710163,"finalRG",5,2
"656",4.5,1257.917,0.00748674965913596,0.000585183722362117,0.154149614338033,0.0984639235231491,"finalRG",5,2
"657",5.5,1761.719,0.010397310149461,0.000816666435391547,0.146687090863815,0.0871836606443544,"finalRG",5,2
"658",6.5,2303.594,0.0134188238469726,0.00106166769969413,0.140548223148024,0.0778977695781848,"finalRG",5,2
"659",7.5,2896.853,0.0166384715752748,0.00132406884680767,0.137220466697751,0.073721014902775,"finalRG",5,2
"660",8.5,3442.636,0.0195790592140724,0.00156285222058695,0.132099192786433,0.0694047097670286,"finalRG",5,2
"661",9.5,3968.269,0.0223613214110952,0.00178867443819437,0.126879030580185,0.0650808171517693,"finalRG",5,2
"662",10.5,4453.767,0.024943700922123,0.00200273574427648,0.121336852220019,0.0597269951510936,"finalRG",5,2
"663",11.5,4875.869,0.0271145279368649,0.00218805994350759,0.115218005111167,0.0544461680078851,"finalRG",5,2
"664",12.5,5292.555,0.0292372830607023,0.00237284859339966,0.110013130021214,0.050423639543066,"finalRG",5,2
"665",13.5,5723.094,0.0315012246243328,0.00256480349199018,0.105725892373679,0.0472254905802833,"finalRG",5,2
"666",14.5,6173.503,0.0337893597995717,0.00275417585832528,0.101986868588337,0.045740952688116,"finalRG",5,2
"667",15.5,6638.994,0.0361815701861307,0.0029526763118963,0.0989719058644649,0.0444121349892429,"finalRG",5,2
"668",16.5,7109.967,0.0387406266974416,0.00316326121376002,0.0965318579308201,0.042183782531158,"finalRG",5,2
"669",17.5,7563.249,0.0412425109558524,0.00337647714654706,0.0944211429153586,0.0406632095153004,"finalRG",5,2
"670",18.5,7907.093,0.0432356040229853,0.00354312385521073,0.0913055425085912,0.0389776167956105,"finalRG",5,2
"671",19.5,8257.393,0.0453959895456748,0.00371592419476688,0.0886419489467635,0.0376978206989057,"finalRG",5,2
"672",20.5,8501.685,0.0467373854335976,0.00382069459625772,0.0847588556880286,0.0363369716433124,"finalRG",5,2
"673",21.5,8761.659,0.0480152387017493,0.00392430446839474,0.0813253044319895,0.0354700559301908,"finalRG",5,2
"674",22.5,9048.185,0.049646863520092,0.00404688095980328,0.0786215408902346,0.0341397846888513,"finalRG",5,2
"675",23.5,9297.838,0.0512259407630564,0.00416120596978651,0.0760238942922341,0.0335299094254128,"finalRG",5,2
"676",24.5,9640.056,0.0534125208150219,0.00432623254211288,0.0746069360812128,0.0339878436676706,"finalRG",5,2
"677",25.5,10006.488,0.0558655271973642,0.00450933157434621,0.0736674568961996,0.0340458794137422,"finalRG",5,2
"678",26.5,10263.674,0.0576318544990229,0.00463257725856145,0.0718573239946051,0.0330044290924365,"finalRG",5,2
"679",27.5,10436.422,0.0587450275959396,0.00470053581337147,0.069356049201356,0.0314976141811402,"finalRG",5,2
"680",28.5,10705.397,0.0604968330352795,0.00481712103262623,0.067787003998605,0.0302700525953644,"finalRG",5,2
"681",29.5,10961.074,0.0623265365715218,0.00493935680719193,0.0664534532558972,0.0292110653601149,"finalRG",5,2
"682",30.5,1016.704,0.0057873241123677,0.000457254093815582,0.0059115364629331,0.00256136326875717,"finalRG",5,2
"683",0.5,49.636,0.015102748511172,2.52477875118417e-05,0.364855803411719,0.220881116994887,"finalRR",5,2
"684",1.5,116.779,0.035035695429334,5.95671546212689e-05,0.123171983139859,0.0862910407205395,"finalRR",5,2
"685",2.5,71.4974974974975,0.0184900416874514,3.72596057284215e-05,0.0280340761545585,0.0319385368603822,"finalRR",5,2
"686",3.5,44.6265060240964,0.0105321194254134,2.48851937998898e-05,0.0091982458497719,0.0141776877669827,"finalRR",5,2
"687",4.5,44.1809045226131,0.00981824189747647,2.38411155527057e-05,0.00555732604468588,0.00782337663313581,"finalRR",5,2
"688",5.5,51.6110552763819,0.0108649981113384,2.60205515177939e-05,0.00435561505814517,0.00592395275273305,"finalRR",5,2
"689",6.5,65.3306532663317,0.0137222566886783,3.39262953479807e-05,0.00409114044684259,0.00509361083403114,"finalRR",5,2
"690",7.5,77.0371859296482,0.0161680589052474,4.06098583584712e-05,0.00378817342005065,0.00435837176613678,"finalRR",5,2
"691",8.5,87.5206030150754,0.0184974105144274,4.50796302103312e-05,0.00346480726554796,0.00373470340601459,"finalRR",5,2
"692",9.5,106.974874371859,0.0231467732114538,5.33333733542335e-05,0.00351927520886742,0.0035629344934931,"finalRR",5,2
"693",10.5,117.353768844221,0.0252060808387534,5.78723198393292e-05,0.00330223036422414,0.00320233961567302,"finalRR",5,2
"694",11.5,120.377889447236,0.0256791631811961,5.98205901447654e-05,0.00298344716376921,0.00286810026401594,"finalRR",5,2
"695",12.5,133.043216080402,0.0282950411718052,6.44350486553521e-05,0.00287509155416491,0.00258607903174832,"finalRR",5,2
"696",13.5,146.372864321608,0.0311643319830644,6.87895670125923e-05,0.00277424345570637,0.00247238949671494,"finalRR",5,2
"697",14.5,156.49648241206,0.0326418978616679,7.38106188208544e-05,0.00268782240674762,0.00236698933344658,"finalRR",5,2
"698",15.5,166.089447236181,0.033877945050646,8.02433314243001e-05,0.0026434871943197,0.00241666604105698,"finalRR",5,2
"699",16.5,176.857286432161,0.0364619055222933,8.53003873446479e-05,0.00257424246446347,0.00221384595720095,"finalRR",5,2
"700",17.5,193.146733668342,0.040993893867518,9.32254276947815e-05,0.00258673230558699,0.00217937250283161,"finalRR",5,2
"701",18.5,197.581909547739,0.0417939212337929,9.24187420524155e-05,0.00237089398081598,0.00201149420549431,"finalRR",5,2
"702",19.5,207.901408450704,0.042337544082052,9.64894570740204e-05,0.0023026681481564,0.00190188305363548,"finalRR",5,2
"703",20.5,215.324949698189,0.0426930936607311,9.98285980311433e-05,0.00222565323147414,0.00183365852507016,"finalRR",5,2
"704",21.5,226.122736418511,0.0450873238423825,0.000104337424316889,0.0021714414307051,0.00173874743059739,"finalRR",5,2
"705",22.5,226.472837022133,0.0453378853220484,0.000104411526339892,0.00203725159470346,0.00163137220395074,"finalRR",5,2
"706",23.5,230.344410876133,0.0455120447532915,0.000106948495309538,0.0019660791163522,0.00170510787558599,"finalRR",5,2
"707",24.5,232.482862903226,0.0466628349583497,0.000108066437561055,0.00187807395037862,0.00164658245224686,"finalRR",5,2
"708",25.5,231.982845610494,0.0477914696984256,0.00010850343539866,0.00179253618823077,0.00147034026710793,"finalRR",5,2
"709",26.5,243.279797979798,0.0512778025700638,0.000116771417990768,0.00184372879158229,0.00157909103679697,"finalRR",5,2
"710",27.5,254.542217700916,0.05373188052955,0.000123962698387913,0.00186811441479713,0.00172713241150393,"finalRR",5,2
"711",28.5,272.982564102564,0.0559666279098753,0.000131293033328928,0.00188378257474192,0.0015976500764639,"finalRR",5,2
"712",29.5,286.149948293692,0.0597325902799524,0.000135748862013514,0.00185790363982031,0.00154863628862303,"finalRR",5,2
"713",30.5,26.2344244984161,0.00564937897939948,1.2093481274888e-05,0.00015809479894464,0.00012541388906224,"finalRR",5,2
"714",0.5,0.341,0.000113680447166341,1.80442013228913e-07,0.00249646970336469,0.0225390076506303,"finalGR",5,2
"715",1.5,3.188,0.00104467276752972,1.55905311441332e-06,0.00333495335614505,0.0177318412930276,"finalGR",5,2
"716",2.5,8.328,0.0025969760591323,3.71869955456289e-06,0.00321746734528864,0.0114291765414999,"finalGR",5,2
"717",3.5,17.47,0.00620003853329562,8.09630467972171e-06,0.00348836838492029,0.0087685971856323,"finalGR",5,2
"718",4.5,26.534,0.00825240887094742,1.27127881823633e-05,0.00324825125868523,0.00685928607970708,"finalGR",5,2
"719",5.5,36.389,0.0106228494421546,1.72070954945751e-05,0.00302399663120495,0.00542496120662157,"finalGR",5,2
"720",6.5,45.5015015015015,0.0141245880540798,2.07412045377692e-05,0.00274922590334027,0.00416634960933761,"finalGR",5,2
"721",7.5,55.8928928928929,0.0158543537795503,2.50704195096712e-05,0.00260226393312836,0.00342890456454447,"finalGR",5,2
"722",8.5,65.7091273821464,0.0176539106760671,2.89970472613824e-05,0.00244832739143385,0.0031141717500518,"finalGR",5,2
"723",9.5,78.703109327984,0.0214952326628959,3.41339062244612e-05,0.00242296429069464,0.00297849197870112,"finalGR",5,2
"724",10.5,91.0120603015075,0.025064849609547,3.91977540112067e-05,0.00236949694722858,0.00297698699382933,"finalGR",5,2
"725",11.5,98.4783484390735,0.0276374350433016,4.28006526346843e-05,0.00221855314825041,0.00269674866613002,"finalGR",5,2
"726",12.5,103.051463168517,0.0283315796052659,4.39392125531622e-05,0.00199383104558607,0.00226716238761953,"finalGR",5,2
"727",13.5,113.5,0.0308927539932308,4.76497716024303e-05,0.00192490439902429,0.00200907061541059,"finalGR",5,2
"728",14.5,124.933198380567,0.0357608804584075,5.27746800233461e-05,0.00190935640481747,0.00198955642724571,"finalGR",5,2
"729",15.5,134.2995951417,0.0358209322942602,5.64827104015615e-05,0.00184645440470083,0.0019379299934995,"finalGR",5,2
"730",16.5,143.768527918782,0.0389580548404744,5.99819128462177e-05,0.00178766309084413,0.0017949910900018,"finalGR",5,2
"731",17.5,153.762970498474,0.0413719916011474,6.39879124937693e-05,0.00174933031718514,0.00170748798217667,"finalGR",5,2
"732",18.5,163.954175152749,0.0434806282196654,7.00557967302052e-05,0.0017606649478884,0.0017980491963733,"finalGR",5,2
"733",19.5,167.520366598778,0.0441167396768293,7.15377206989145e-05,0.00166706151575372,0.001751425306249,"finalGR",5,2
"734",20.5,171.303370786517,0.0448261735932154,7.21862083223927e-05,0.00156665283499221,0.00156516823037531,"finalGR",5,2
"735",21.5,182.17671092952,0.047970075180846,7.5668965796838e-05,0.0015320469675674,0.00154823186635641,"finalGR",5,2
"736",22.5,190.233367451382,0.0525223709743128,7.82916997790156e-05,0.00148389579377277,0.00140401266385608,"finalGR",5,2
"737",23.5,194.018480492813,0.0536091242741978,8.04101922173955e-05,0.00143363233727914,0.00136846379167677,"finalGR",5,2
"738",24.5,201.51596292482,0.0541741793501894,8.35215986780814e-05,0.00140531195947181,0.00137923550520573,"finalGR",5,2
"739",25.5,210.905797101449,0.0564999265572299,8.69496084508894e-05,0.00138351573256412,0.00125428103153052,"finalGR",5,2
"740",26.5,215.71887966805,0.0596114830280095,8.91730195330802e-05,0.00134742082327355,0.00119523124753842,"finalGR",5,2
"741",27.5,221.982273201251,0.0612972116197461,9.12203204218856e-05,0.00131139021516628,0.00112112938840356,"finalGR",5,2
"742",28.5,231.385021097046,0.065818713301386,9.6296790741008e-05,0.00132721703013294,0.00115480018056223,"finalGR",5,2
"743",29.5,241.96548004315,0.0739156169467747,0.000102033637300482,0.00135617805818245,0.00120180315276629,"finalGR",5,2
"744",30.5,24.0390804597701,0.00762569643887344,1.00797457292523e-05,0.000129070840784585,0.000109946129789335,"finalGR",5,2
"745",0.5,87.563,0.000467809629369741,3.7780791074912e-05,0.642357016662261,0.266904653535543,"finalGG",6,2
"746",1.5,466.067,0.00244563938101388,0.000200369930351917,0.489867217092139,0.216760892636212,"finalGG",6,2
"747",2.5,911.233,0.00466990351480762,0.000389655516806065,0.353896190479965,0.165446605628084,"finalGG",6,2
"748",3.5,1309.234,0.00654730492407229,0.000555844243015253,0.261740886720045,0.130345012296612,"finalGG",6,2
"749",4.5,1765.456,0.00868740545550249,0.000745523162205793,0.214886293564536,0.108530096216486,"finalGG",6,2
"750",5.5,2405.584,0.0116968989610663,0.00100720417661811,0.197987208240613,0.0953258003758774,"finalGG",6,2
"751",6.5,3127.068,0.0150388705152904,0.0012957120186616,0.186815848032815,0.0841147876720393,"finalGG",6,2
"752",7.5,3924.522,0.0186866772352644,0.00161562381645127,0.179278713848899,0.0760991643440319,"finalGG",6,2
"753",8.5,4659.502,0.0219980480633335,0.00190876017003564,0.169382979811089,0.0690553362443104,"finalGG",6,2
"754",9.5,5293.04,0.0247545321794861,0.00215830778361024,0.157978687718801,0.0634907053762459,"finalGG",6,2
"755",10.5,5857.568,0.0271858187829491,0.00238137066657382,0.147121850510535,0.0583758142814441,"finalGG",6,2
"756",11.5,6315.438,0.0290724028424935,0.00255605978966201,0.135964482478152,0.0537468687858521,"finalGG",6,2
"757",12.5,6724.686,0.0307927473240995,0.00271067505354443,0.126037436050762,0.0502242722137172,"finalGG",6,2
"758",13.5,7179.991,0.0327595511906326,0.00288817068697133,0.118743446138077,0.0479036773421238,"finalGG",6,2
"759",14.5,7640.115,0.0347598565178466,0.00306822498666279,0.112752047927522,0.0458075556371206,"finalGG",6,2
"760",15.5,8094.415,0.036703873731611,0.00324586472340605,0.10760522171131,0.0435670561706036,"finalGG",6,2
"761",16.5,8496.347,0.0384482761122165,0.00340218071579903,0.102535167418182,0.0407477604842534,"finalGG",6,2
"762",17.5,8880.191,0.0401201160756706,0.00355142152348738,0.0978820745144559,0.0383942610689501,"finalGG",6,2
"763",18.5,9243.862,0.0417308657955201,0.00369333013251685,0.0935816219837368,0.0365025410421114,"finalGG",6,2
"764",19.5,9645.437,0.0435654768295613,0.00385230297537013,0.0901708779142942,0.0347458309129816,"finalGG",6,2
"765",20.5,9894.316,0.0448178124218948,0.00395246673368636,0.0858515212795773,0.0325816475778245,"finalGG",6,2
"766",21.5,10249.906,0.0465994081418077,0.00409872703383025,0.0829798546114601,0.0315627957015875,"finalGG",6,2
"767",22.5,10657.12,0.0485141993852858,0.00426083123919853,0.0806871964543397,0.0306317591079983,"finalGG",6,2
"768",23.5,10997.364,0.0500849883401468,0.00439399523062763,0.0780823095154019,0.0296363463422366,"finalGG",6,2
"769",24.5,11322.13,0.051571437691656,0.00452368585275608,0.0756707074061286,0.0293839713608105,"finalGG",6,2
"770",25.5,11665.208,0.0532726869783532,0.00466377615617892,0.0736673121144768,0.0293613147463991,"finalGG",6,2
"771",26.5,11960.453,0.0549034207422782,0.00478882083861401,0.0716631785612298,0.0289582946733122,"finalGG",6,2
"772",27.5,12235.648,0.0564430543858596,0.00489918334566169,0.069668738510925,0.0277516725697996,"finalGG",6,2
"773",28.5,12580.455,0.0583037098874474,0.00503771223319361,0.068296106803979,0.0273000583508225,"finalGG",6,2
"774",29.5,12854.818,0.0597962960878218,0.00514920177206259,0.0667393596680307,0.0268347975345271,"finalGG",6,2
"775",30.5,1193.65,0.00556091087564112,0.000477699011313196,0.00595449959038779,0.0024050698611256,"finalGG",6,2
"776",0.5,14.627,8.30976053030421e-05,7.10232063395269e-06,0.107447591590579,0.160303421881865,"finalRG",6,2
"777",1.5,166.825,0.000933624106031199,8.398473687844e-05,0.175886426703338,0.161176612280475,"finalRG",6,2
"778",2.5,504.216,0.00276045512953371,0.000254479102623279,0.197340917758742,0.142157170934764,"finalRG",6,2
"779",3.5,909.714,0.00486129648894293,0.000454741859816607,0.18396721223068,0.119891487847839,"finalRG",6,2
"780",4.5,1349.532,0.0070648676787101,0.000664777188346505,0.166963613240324,0.104097851640775,"finalRG",6,2
"781",5.5,1876.2,0.00965566830330036,0.000915029717950485,0.158679403153198,0.095413916565938,"finalRG",6,2
"782",6.5,2434.104,0.012407043557735,0.00117881044138393,0.152785176481259,0.0865459326955157,"finalRG",6,2
"783",7.5,3030.018,0.0153656752725943,0.00145857404716022,0.149943680341549,0.0790410558087348,"finalRG",6,2
"784",8.5,3628.493,0.0182813735752375,0.00173819084483035,0.147069681903879,0.0758866646879248,"finalRG",6,2
"785",9.5,4235.677,0.0211972600750845,0.00201730852885784,0.144061016099707,0.072187935584438,"finalRG",6,2
"786",10.5,4832.669,0.0240114913919084,0.00229527114822166,0.140745744002867,0.0703810669526342,"finalRG",6,2
"787",11.5,5375.284,0.0265798718203477,0.00254861846462801,0.136086610976737,0.0678756385477293,"finalRG",6,2
"788",12.5,5912.838,0.0292114620211611,0.0027993653081053,0.131691904902959,0.0636450256712567,"finalRG",6,2
"789",13.5,6419.718,0.0317473506079617,0.00304085239810385,0.127300390381903,0.0592335542143142,"finalRG",6,2
"790",14.5,6880.896,0.0340624886694513,0.00326870335774191,0.122787247777739,0.0557828720768514,"finalRG",6,2
"791",15.5,7341.705,0.0364060630260478,0.00350078467591328,0.118912365499536,0.0530379998157425,"finalRG",6,2
"792",16.5,7764.512,0.038467655442949,0.00370072685306338,0.114524775607221,0.0497840781558188,"finalRG",6,2
"793",17.5,8236.025,0.0407238659443115,0.00391391230400051,0.111014914602677,0.0473872915108191,"finalRG",6,2
"794",18.5,8621.589,0.0425946503135635,0.00408309546384459,0.106722450297443,0.0441200603780079,"finalRG",6,2
"795",19.5,8993.174,0.0444427211525198,0.00425432941454681,0.102914190094578,0.041624605674934,"finalRG",6,2
"796",20.5,9283.22,0.0457930217458224,0.00438296825524005,0.0985352105714657,0.039644299567047,"finalRG",6,2
"797",21.5,9720.829,0.0479893587983744,0.00458347146424798,0.0961161746137268,0.0389905150947926,"finalRG",6,2
"798",22.5,10168.238,0.050359108027719,0.00478489394945223,0.0939393054983181,0.03792862964581,"finalRG",6,2
"799",23.5,10550.703,0.052550250732545,0.00496525455485058,0.0915891725257508,0.0374695474526116,"finalRG",6,2
"800",24.5,10968.365,0.0549975436440867,0.00516646447418821,0.089811765902261,0.0370621014495872,"finalRG",6,2
"801",25.5,11386.423,0.0572621446555608,0.00536270542794546,0.0880962713413382,0.0364308070163136,"finalRG",6,2
"802",26.5,11707.699,0.0589174824679655,0.00551387665257218,0.0858335775884118,0.0362369373312905,"finalRG",6,2
"803",27.5,11917.464,0.0600638777538131,0.00560545936076776,0.082862132305153,0.0355648873400018,"finalRG",6,2
"804",28.5,12190.136,0.061772112569116,0.0057300433110547,0.0806531647384115,0.0346982504932537,"finalRG",6,2
"805",29.5,12445.951,0.0635393295894604,0.00586628324268967,0.0788941207732008,0.0344506684814394,"finalRG",6,2
"806",30.5,1152.425,0.00589778783284207,0.000542905836375206,0.00701516570454348,0.00310360817225701,"finalRG",6,2
"807",0.5,45.284,0.0166875731685662,2.43587270290484e-05,0.333736499237589,0.196605058339162,"finalRR",6,2
"808",1.5,93.201,0.0332950813782389,5.04731450653865e-05,0.0989577656512399,0.0659020985089157,"finalRR",6,2
"809",2.5,54.982,0.01783879253864,3.03922054876403e-05,0.0216315768669165,0.026384173954008,"finalRR",6,2
"810",3.5,38.473,0.0107009204208612,2.15110329772672e-05,0.00780194491110754,0.0117992967528664,"finalRR",6,2
"811",4.5,37.844,0.0108061527673529,2.17710057602107e-05,0.00471048527668273,0.00727389367656132,"finalRR",6,2
"812",5.5,45.557,0.0135002477847521,2.57499956119771e-05,0.00388358368975533,0.00538566871499676,"finalRR",6,2
"813",6.5,57.815,0.0175539050052759,3.18589476740319e-05,0.00371230646569141,0.00497364410716008,"finalRR",6,2
"814",7.5,64.29,0.0188882431662072,3.54082118622106e-05,0.00329418796412325,0.00400585884023722,"finalRR",6,2
"815",8.5,68.483,0.019677622687726,3.83152645151895e-05,0.00292569894113896,0.00369166045593571,"finalRR",6,2
"816",9.5,74.826,0.0213980978479442,4.23234406822948e-05,0.00276329726256604,0.00378848299580237,"finalRR",6,2
"817",10.5,85.059,0.0250707711897495,4.63141545497142e-05,0.00263169768625146,0.00300061572417775,"finalRR",6,2
"818",11.5,95.519,0.0274025376246554,5.11009602992021e-05,0.00255582766262041,0.00267076680813586,"finalRR",6,2
"819",12.5,103.702,0.0289106027829215,5.45820007170413e-05,0.0024336562179969,0.00241462589851066,"finalRR",6,2
"820",13.5,109.902,0.0305368643493694,5.75467664218303e-05,0.00230454857269323,0.00237032127696575,"finalRR",6,2
"821",14.5,121.032032032032,0.0343165111200954,6.46213974712189e-05,0.00233236158894474,0.00241030333602039,"finalRR",6,2
"822",15.5,136.177354709419,0.038610319656456,7.09412937424957e-05,0.00234820072161407,0.00231174448004321,"finalRR",6,2
"823",16.5,140.572144288577,0.0385786149880167,7.1952727457215e-05,0.00218717775046449,0.00199932478683889,"finalRR",6,2
"824",17.5,147.483967935872,0.0400667340128015,7.37912183031222e-05,0.0020717127856707,0.00178098550367955,"finalRR",6,2
"825",18.5,150.306613226453,0.0417043013750017,7.46707932227751e-05,0.00193926641847284,0.00165020230910342,"finalRR",6,2
"826",19.5,151.956913827655,0.0415205864577706,7.6847363445339e-05,0.00185241750674144,0.00179337958820868,"finalRR",6,2
"827",20.5,146.40380761523,0.0393366992019041,7.48532375876119e-05,0.00168251709136929,0.00157270016162704,"finalRR",6,2
"828",21.5,143.48496993988,0.0396684687167929,7.20614551991828e-05,0.00151435147988754,0.00143892982600285,"finalRR",6,2
"829",22.5,155.996993987976,0.0428427869865246,7.71507275269398e-05,0.00151917702518793,0.00150696027278206,"finalRR",6,2
"830",23.5,163.306613226453,0.044775919176141,8.14544867495143e-05,0.00151332975859479,0.00152892711513824,"finalRR",6,2
"831",24.5,161.938877755511,0.0446727330699362,8.18349058266207e-05,0.00143883228565863,0.00147116641802067,"finalRR",6,2
"832",25.5,166.165330661323,0.0449119797565764,8.12544738369995e-05,0.00134422193941594,0.00118686392606995,"finalRR",6,2
"833",26.5,177.733199598796,0.0489123837838554,8.69801406169819e-05,0.00136719516385306,0.00121020561756124,"finalRR",6,2
"834",27.5,183.502507522568,0.0522127955375181,9.22307964643593e-05,0.00138750255816853,0.00136483453906213,"finalRR",6,2
"835",28.5,190.412474849095,0.0554371663865372,9.63396406624562e-05,0.00138393888500313,0.00137127393053033,"finalRR",6,2
"836",29.5,194.224924012158,0.0575278385387665,9.67640710812976e-05,0.00132618964659721,0.00113683882062065,"finalRR",6,2
"837",30.5,18.3160173160173,0.00537695211931659,8.98687679083034e-06,0.000118001833474511,9.95916121753632e-05,"finalRR",6,2
"838",0.5,0.107,4.45176796355843e-05,4.26247649700378e-08,0.000783349730967806,0.0100898777749116,"finalGR",6,2
"839",1.5,1.814,0.000608344806616906,7.46808230655257e-07,0.00190127353601565,0.0106952606699466,"finalGR",6,2
"840",2.5,6.102,0.00210064639776189,2.80262056679893e-06,0.00240319388082168,0.00950778820876579,"finalGR",6,2
"841",3.5,11.18,0.00398561403098417,4.93727320728388e-06,0.00224657297709195,0.00601423277560093,"finalGR",6,2
"842",4.5,18.534,0.0062781070373342,8.12870091008486e-06,0.00225768333383141,0.00497487715837888,"finalGR",6,2
"843",5.5,24.704,0.00828462607610153,1.12712503579493e-05,0.00206677040929808,0.00399328739250303,"finalGR",6,2
"844",6.5,32.372,0.0106014142473818,1.42868137962248e-05,0.00197519427676774,0.00321361262025608,"finalGR",6,2
"845",7.5,40.289,0.0130380047398583,1.72117104976762e-05,0.00187295597836233,0.00278921715008603,"finalGR",6,2
"846",8.5,48.392,0.0159608002914655,2.0609960168844e-05,0.00179779224452771,0.00263679881667816,"finalGR",6,2
"847",9.5,58.608,0.0200168124301557,2.47706776730261e-05,0.00179053685357452,0.00239681639464874,"finalGR",6,2
"848",10.5,66.531,0.0226681832214354,2.750849794699e-05,0.00168749134900909,0.00201403230075705,"finalGR",6,2
"849",11.5,80.208,0.0263465115030484,3.35612726355193e-05,0.0017621781100327,0.00199154211640894,"finalGR",6,2
"850",12.5,87.973,0.02935328696248,3.64735420976226e-05,0.00167602001545311,0.00184028971174846,"finalGR",6,2
"851",13.5,95.57,0.0317327962302304,3.95402385379007e-05,0.00160678565492722,0.00170910839993182,"finalGR",6,2
"852",14.5,100.860860860861,0.0342515125841319,4.14196939584557e-05,0.00150552975102484,0.00156058014556452,"finalGR",6,2
"853",15.5,104.742742742743,0.0351609157062738,4.2548777658542e-05,0.00139787006400927,0.00135590185741928,"finalGR",6,2
"854",16.5,112.92992992993,0.0371089823644897,4.64780728300926e-05,0.00138692846961812,0.00136583132248204,"finalGR",6,2
"855",17.5,120.461461461461,0.0402093506693075,4.93494604518138e-05,0.00135017116364671,0.00134702812135431,"finalGR",6,2
"856",18.5,126.154154154154,0.0422987250767057,5.1168414180988e-05,0.00128997702315466,0.0012532421079946,"finalGR",6,2
"857",19.5,132.456456456456,0.0444781217000926,5.30162680464719e-05,0.00123871816081095,0.00115945071312602,"finalGR",6,2
"858",20.5,138.955955955956,0.0463064662688204,5.63424572386762e-05,0.00122519103446189,0.00120416634635766,"finalGR",6,2
"859",21.5,151.094094094094,0.0507059584530289,6.14157409208699e-05,0.00124552091958751,0.00121857141451255,"finalGR",6,2
"860",22.5,151.26026026026,0.0501625507946165,6.14283572809851e-05,0.00116400880061644,0.00109810328397416,"finalGR",6,2
"861",23.5,154.431431431431,0.0516508065456922,6.26428384730402e-05,0.00111368294218975,0.00101242871168305,"finalGR",6,2
"862",24.5,163.031031031031,0.0563469738179833,6.57187750177299e-05,0.00110029573274917,0.000936769613276635,"finalGR",6,2
"863",25.5,168.908908908909,0.0588251844263192,6.82273388502914e-05,0.00108060068319865,0.000907965927307469,"finalGR",6,2
"864",26.5,178.019095477387,0.0627652504278802,7.25006310018896e-05,0.00109243798654202,0.000968484443804087,"finalGR",6,2
"865",27.5,184.365191146881,0.0652585854632588,7.49554012249168e-05,0.00107454618119666,0.000953068314247912,"finalGR",6,2
"866",28.5,188.977687626775,0.0652969751008473,7.71573461608099e-05,0.00105435940235645,0.00100808641624203,"finalGR",6,2
"867",29.5,187.648760330579,0.0663803082356047,7.58473436312358e-05,0.000987957084319562,0.000837022669835124,"finalGR",6,2
"868",30.5,18.8181818181818,0.00680682103112812,7.57918385168513e-06,9.49120856469277e-05,7.84019729897643e-05,"finalGR",6,2
